Frame,Marker_0_X,Marker_0_Y,Marker_0_Z,Marker_1_X,Marker_1_Y,Marker_1_Z,Marker_2_X,Marker_2_Y,Marker_2_Z,Marker_3_X,Marker_3_Y,Marker_3_Z,Marker_4_X,Marker_4_Y,Marker_4_Z
1,128.91618,-192.71324,61.211056,-821.1571,-763.2266,-824.9759,810.8905,925.21844,941.2751,10.1,11.900001,11.1,31.0,14.0,23.0
2,128.03012,-192.52675,61.527435,-819.0466,-764.53735,-825.9155,811.35846,924.8532,940.64825,11.0,11.900001,11.0,31.0,14.0,23.0
3,127.31334,-192.08421,61.964207,-817.28455,-765.96936,-827.8882,811.40967,924.1899,939.45233,11.1,11.7,11.2,31.0,14.0,23.0
4,126.733086,-191.46638,62.49599,-815.51465,-767.6692,-830.02356,811.2756,923.2937,937.95264,11.1,11.900001,11.400001,31.0,14.0,23.0
5,126.16792,-190.7558,63.20299,-813.6909,-769.57196,-831.02106,810.9107,922.2135,936.86523,10.900001,11.6,11.2,31.0,14.0,55.0
6,125.67155,-189.99991,64.141945,-812.2339,-771.6233,-831.633,809.9726,920.90295,935.6424,10.7,11.5,11.7,31.0,14.0,55.0
7,125.23563,-189.39497,65.15648,-810.94354,-773.9296,-833.1048,808.47894,919.3918,933.9736,11.400001,11.2,11.5,31.0,14.0,55.0
8,124.712715,-188.80225,66.12316,-809.66064,-776.4315,-835.18823,806.7489,917.4613,932.014,11.400001,11.900001,11.400001,31.0,14.0,55.0
9,124.197586,-188.08195,67.1855,-808.5857,-779.1466,-837.14575,804.5654,915.02386,929.8274,11.1,11.400001,10.7,31.0,14.0,55.0
10,123.88956,-187.41249,68.28082,-807.86005,-782.37854,-838.78705,801.92004,912.29346,927.71796,10.400001,11.6,11.0,31.0,14.0,63.0
11,123.76944,-186.91542,69.19842,-807.63824,-786.23944,-840.47833,799.1618,909.5641,925.5936,10.6,11.400001,11.6,31.0,14.0,63.0
12,123.872475,-186.72139,69.84179,-807.60315,-790.6681,-842.16003,796.24274,907.187,923.53064,9.6,11.5,11.5,31.0,14.0,63.0
13,124.35022,-186.89026,70.267365,-807.6321,-795.53925,-843.9695,793.3439,905.22784,921.755,8.400001,11.5,11.1,31.0,14.0,63.0
14,125.20951,-187.41423,70.49692,-808.16486,-800.8165,-846.15894,790.9459,903.7559,920.37036,8.8,11.0,11.2,31.0,14.0,55.0
15,126.3328,-188.28853,70.212105,-809.24316,-806.78894,-848.256,789.0085,903.24054,919.25964,11.5,11.5,10.7,31.0,14.0,55.0
16,127.67912,-189.65692,69.16718,-810.50305,-813.28986,-849.922,787.2477,903.872,918.7406,11.5,11.6,10.2,31.0,14.0,55.0
17,129.37712,-192.09143,67.46852,-811.78265,-820.3496,-851.71783,785.9343,905.5717,919.5521,12.2,11.0,10.400001,31.0,6.0,55.0
18,131.46707,-195.28378,65.25873,-813.15076,-828.21844,-853.8251,785.2823,908.5262,921.67773,12.0,10.6,11.2,31.0,22.0,31.0
19,133.62244,-198.0229,62.62325,-814.6794,-836.1726,-855.91626,785.2041,912.973,924.8436,12.2,11.5,11.7,31.0,22.0,31.0
20,135.65813,-200.15445,59.64296,-816.4729,-843.793,-858.3387,785.7027,919.1185,929.2854,12.2,11.900001,11.5,31.0,22.0,31.0
21,137.83948,-203.14111,56.090134,-818.42755,-851.6151,-861.036,786.653,925.97,934.9504,11.900001,9.7,10.900001,31.0,22.0,31.0
22,140.0699,-207.5809,52.0093,-820.49365,-859.4544,-864.11304,788.0213,932.5303,941.2058,12.0,12.2,11.900001,31.0,14.0,31.0
23,142.29208,-212.16942,47.614723,-822.74304,-867.5098,-868.41876,789.7344,939.0571,947.64557,11.7,11.2,12.2,31.0,6.0,31.0
24,144.35637,-216.69098,42.61217,-824.7156,-875.86,-873.64655,791.7375,945.677,953.78015,11.1,8.900001,9.400001,95.0,30.0,31.0
25,145.60875,-221.38663,37.27771,-826.3036,-882.71063,-877.9891,794.0111,952.5827,959.153,11.6,9.7,10.400001,95.0,30.0,31.0
26,146.12737,-225.8113,32.185223,-828.15955,-888.30884,-881.0952,796.06226,959.2482,963.6459,11.5,10.400001,10.6,95.0,30.0,31.0
27,146.09726,-229.84557,27.395704,-830.18475,-893.64294,-884.5851,797.54083,964.7245,967.05005,11.2,10.7,10.6,95.0,30.0,31.0
28,145.37756,-233.82448,22.689013,-831.8507,-898.57837,-888.5364,798.53455,968.613,969.1665,11.5,11.5,11.1,95.0,30.0,31.0
29,144.17534,-238.0325,18.135345,-833.3747,-903.6447,-892.5019,798.78766,970.94604,970.4027,11.7,10.900001,10.400001,95.0,30.0,31.0
30,142.57133,-242.39116,13.755136,-834.90295,-908.7519,-896.71625,798.1035,972.158,970.584,11.5,10.400001,10.1,95.0,30.0,31.0
31,140.49217,-246.96846,9.070721,-836.349,-913.83124,-901.0359,796.64246,972.25604,968.8428,11.400001,9.900001,10.900001,95.0,30.0,31.0
32,137.96777,-251.90794,4.061604,-837.82886,-919.29083,-905.677,794.3126,970.9283,966.09094,11.5,10.1,10.6,95.0,30.0,31.0
33,135.04066,-257.36835,-1.2446173,-839.2078,-924.88055,-910.7708,791.11346,968.41956,963.1339,11.0,9.900001,11.0,95.0,30.0,31.0
34,131.72847,-263.29385,-6.880237,-840.19244,-930.2623,-916.2233,787.27185,965.0229,959.7744,11.6,9.6,11.0,95.0,30.0,31.0
35,127.880066,-269.48972,-12.872628,-840.90247,-935.766,-921.95605,782.9005,960.54407,956.1135,11.400001,9.7,11.0,95.0,30.0,31.0
36,123.30721,-276.15933,-19.248926,-841.7108,-941.44604,-927.6787,778.2391,955.1287,952.2673,11.2,9.2,11.1,95.0,30.0,31.0
37,118.1192,-283.32455,-25.91115,-842.1932,-947.0852,-933.6529,773.6764,949.27655,948.47156,11.5,9.1,11.0,95.0,30.0,31.0
38,112.65131,-290.80313,-33.18728,-842.179,-952.92285,-940.3246,769.4516,943.32007,944.60223,11.400001,8.5,10.7,95.0,30.0,31.0
39,107.04415,-298.84552,-41.110294,-842.1563,-959.15454,-947.29846,765.866,937.6163,940.7117,11.1,8.8,11.0,95.0,30.0,31.0
40,101.3434,-307.68045,-49.489235,-841.8623,-966.4261,-954.3152,763.303,932.0597,937.0177,11.1,8.8,10.7,95.0,30.0,31.0
41,95.65265,-317.54248,-58.62397,-841.2296,-974.57166,-961.6251,762.15454,926.74164,933.4847,11.5,11.900001,11.400001,95.0,22.0,31.0
42,90.18353,-328.42087,-68.52167,-840.6241,-982.1851,-969.21423,762.8407,922.9387,930.3819,11.5,11.6,11.1,95.0,30.0,31.0
43,85.57731,-339.8106,-79.073685,-840.1416,-989.56665,-976.6059,765.6931,920.88074,927.8443,11.400001,11.7,11.400001,95.0,22.0,31.0
44,82.450806,-351.4699,-90.16358,-839.6073,-997.40314,-983.65515,771.121,919.9918,926.0077,11.5,11.6,10.900001,95.0,22.0,31.0
45,80.669945,-363.33124,-101.03905,-839.026,-1005.26105,-990.3963,779.34924,920.2208,925.24713,11.1,12.0,11.1,95.0,22.0,31.0
46,79.53033,-373.47336,-111.69834,-838.87177,-1010.4406,-996.314,789.96655,923.89886,925.3803,11.5,8.400001,11.400001,95.0,30.0,31.0
47,78.87992,-384.40897,-122.99176,-839.7024,-1017.31256,-1001.4597,802.5101,927.59534,925.85474,11.0,9.1,10.6,127.0,30.0,31.0
48,79.14558,-395.7835,-134.81226,-841.5592,-1024.431,-1005.90643,816.7951,931.6716,926.70135,11.2,8.1,11.2,127.0,30.0,31.0
49,80.648125,-407.58884,-146.53656,-843.6802,-1030.6569,-1009.3625,832.4309,936.2088,928.04175,11.0,7.3,11.5,127.0,30.0,31.0
50,83.49771,-420.46243,-158.03731,-845.5281,-1036.8008,-1011.9854,849.09247,940.628,929.6509,11.2,12.2,11.400001,63.0,26.0,31.0
51,87.35604,-431.26678,-169.07503,-847.0881,-1039.0198,-1013.673,866.50165,944.65717,931.7871,10.7,12.400001,11.2,63.0,30.0,31.0
52,91.90668,-441.6648,-179.35927,-848.3541,-1041.9325,-1014.69244,884.3533,948.1127,934.7073,10.900001,12.0,11.0,63.0,30.0,31.0
53,97.22431,-450.2532,-188.56903,-849.14545,-1040.9989,-1015.30994,902.5687,952.03827,938.511,11.0,12.2,11.0,63.0,26.0,31.0
54,103.45706,-458.28958,-196.40056,-849.14386,-1039.8783,-1015.2729,921.18414,955.85645,943.1132,11.5,11.5,10.6,63.0,30.0,31.0
55,110.63132,-465.48303,-203.30072,-847.89594,-1037.834,-1014.7644,940.1984,960.38165,948.31647,11.0,11.7,11.1,63.0,30.0,31.0
56,118.571396,-471.78308,-209.90579,-845.2685,-1034.5857,-1013.599,959.29785,965.57,954.0603,11.5,11.900001,11.400001,63.0,14.0,31.0
57,126.66521,-477.789,-216.38565,-841.6882,-1030.9358,-1011.8706,978.18536,970.87445,959.6573,11.1,12.6,11.1,63.0,14.0,31.0
58,134.18991,-482.8912,-222.30698,-837.3395,-1023.742,-1010.00146,996.5876,977.1955,964.72815,10.900001,12.2,11.400001,63.0,14.0,31.0
59,140.80089,-487.76056,-227.62787,-831.93384,-1018.3459,-1007.7883,1014.1378,981.17114,969.3942,10.6,10.7,11.0,63.0,14.0,31.0
60,146.56487,-491.80682,-232.96721,-825.6381,-1010.5922,-1004.8871,1030.7606,983.8736,973.39514,10.2,7.1,11.400001,127.0,30.0,31.0
61,151.64258,-496.28537,-238.07065,-818.9927,-1003.7279,-1001.3441,1046.0939,985.7947,976.35706,10.900001,8.8,11.0,127.0,30.0,31.0
62,155.74696,-501.07938,-242.54259,-811.8734,-998.2274,-997.5926,1059.7473,986.90906,978.2366,11.0,10.2,11.5,127.0,30.0,31.0
63,158.95248,-505.5484,-246.56207,-804.0926,-992.2532,-993.52246,1071.8054,986.854,979.06946,11.0,11.0,11.1,127.0,30.0,31.0
64,161.37987,-509.80948,-250.27477,-795.8166,-985.90485,-988.8596,1082.0614,985.71185,978.3479,11.0,11.7,11.0,127.0,30.0,31.0
65,162.7621,-513.7747,-253.91736,-787.2504,-979.5109,-983.74915,1090.3484,983.2994,975.9438,11.0,11.900001,11.1,127.0,30.0,31.0
66,163.28342,-517.64594,-257.37427,-778.58844,-972.8703,-978.2366,1096.8953,979.6727,972.1829,10.900001,11.0,10.7,127.0,31.0,31.0
67,162.99733,-521.7003,-260.6985,-770.12537,-965.98486,-972.4143,1101.9196,974.8524,966.81647,11.0,11.5,11.2,127.0,31.0,31.0
68,161.80461,-525.81256,-264.3669,-762.08954,-958.9628,-966.20654,1105.6178,968.8977,959.73834,11.1,11.5,11.2,127.0,31.0,15.0
69,159.86797,-530.1142,-268.4046,-754.3899,-951.53345,-958.706,1108.1544,962.2405,951.56274,11.0,11.1,11.400001,127.0,31.0,15.0
70,157.1434,-535.1344,-272.7559,-747.16516,-943.22986,-949.8263,1109.5856,955.4667,943.0169,11.400001,11.1,11.1,127.0,31.0,15.0
71,153.63547,-540.8231,-277.50375,-740.3656,-933.58,-939.99884,1110.0282,949.1584,934.712,11.0,10.1,10.900001,127.0,31.0,15.0
72,149.93262,-546.6232,-282.67197,-733.70105,-922.38855,-929.0773,1109.8484,943.283,927.197,11.2,9.6,11.0,127.0,31.0,31.0
73,146.54456,-552.08716,-288.0061,-727.3253,-909.5875,-917.10913,1109.5885,938.18823,921.33203,11.1,9.2,11.2,127.0,31.0,31.0
74,143.75063,-556.87244,-292.9904,-721.24976,-894.5827,-904.02856,1109.8407,934.684,917.75665,11.1,9.900001,11.0,127.0,31.0,31.0
75,141.78143,-560.92523,-297.12674,-715.5652,-878.24854,-890.7533,1110.9534,932.4377,916.4195,11.2,11.7,10.6,127.0,31.0,30.0
76,140.49174,-563.27374,-299.92288,-710.37317,-860.71387,-877.97894,1112.9604,931.7858,917.2454,10.900001,8.1,10.7,127.0,31.0,14.0
77,139.46191,-563.10754,-302.22733,-705.38007,-840.06976,-865.4893,1115.814,933.90967,919.9364,11.0,12.0,10.7,127.0,29.0,14.0
78,138.38597,-561.6276,-303.51315,-700.5847,-826.27185,-853.3998,1119.5503,936.8281,923.4349,11.0,11.2,8.900001,127.0,31.0,14.0
79,137.10419,-559.7086,-301.93854,-696.27,-810.8745,-841.86597,1124.3179,940.15436,927.4275,11.1,11.6,10.900001,127.0,31.0,15.0
80,135.36075,-557.5091,-299.2068,-692.3873,-794.77985,-831.7527,1130.103,943.56885,932.01,11.2,11.6,9.900001,127.0,31.0,47.0
81,133.13774,-555.26465,-297.53635,-688.8678,-778.8048,-823.1697,1136.71,946.9476,935.35474,11.0,11.5,9.400001,127.0,31.0,63.0
82,130.78987,-552.9306,-297.13004,-686.0672,-762.8325,-815.7171,1144.0792,950.50757,937.1563,10.7,11.2,11.0,127.0,31.0,63.0
83,128.57301,-550.19025,-296.8816,-683.8581,-746.7477,-809.79504,1152.0675,954.3672,939.612,11.0,11.5,11.1,127.0,31.0,63.0
84,126.36948,-546.7672,-296.08792,-682.10974,-731.0579,-805.21643,1160.2932,958.70844,943.6269,11.1,11.400001,11.2,127.0,31.0,63.0
85,124.01507,-542.44116,-295.24512,-680.9658,-716.2392,-801.31024,1168.3124,963.6911,948.73914,11.1,11.5,10.900001,127.0,31.0,63.0
86,121.48558,-537.0327,-294.44754,-680.26666,-702.04944,-798.00635,1175.7672,968.8349,954.2803,11.1,12.2,11.5,127.0,31.0,63.0
87,118.81763,-530.70123,-293.63477,-679.7417,-688.2487,-795.529,1182.3308,973.653,959.7171,10.900001,11.6,11.7,127.0,31.0,63.0
88,115.966995,-523.9563,-293.03058,-679.1362,-674.977,-793.5532,1187.8271,978.1528,964.58997,11.0,11.6,11.400001,127.0,31.0,63.0
89,112.978294,-517.30676,-293.04608,-678.7247,-662.1737,-791.50446,1192.2941,982.24786,968.5235,11.0,11.6,11.900001,127.0,31.0,63.0
90,110.12351,-510.9212,-293.87598,-678.6804,-649.491,-789.1272,1195.5955,985.8661,971.36285,10.7,11.6,11.2,127.0,31.0,63.0
91,107.50045,-505.0695,-295.47113,-678.7846,-636.89026,-786.5885,1197.6522,989.0788,973.4675,11.1,12.0,11.7,127.0,31.0,63.0
92,105.046135,-499.78497,-297.42365,-678.78284,-624.08795,-784.1709,1198.4948,991.85706,975.35474,11.0,11.7,11.6,127.0,31.0,63.0
93,102.74376,-494.5173,-299.49692,-678.6185,-610.7555,-781.9303,1198.0289,993.8461,976.91016,11.0,11.6,11.0,127.0,31.0,127.0
94,100.55622,-489.2711,-302.08698,-678.68146,-598.0506,-778.69324,1196.2216,994.5202,977.78235,11.2,11.7,11.0,127.0,31.0,127.0
95,98.437065,-483.94815,-305.06763,-678.9096,-586.10004,-772.61127,1193.2721,993.90546,978.1732,10.7,11.400001,11.6,127.0,31.0,127.0
96,96.59916,-478.19824,-308.0536,-679.11084,-573.4161,-765.71655,1189.4164,992.59406,978.1034,10.900001,12.2,8.1,127.0,31.0,127.0
97,95.20064,-471.9613,-311.0531,-679.43463,-560.39905,-761.1644,1184.6797,990.5852,977.1081,11.0,7.9,9.6,127.0,31.0,127.0
98,94.1037,-465.2733,-313.8257,-679.7166,-548.3165,-757.7779,1179.1329,987.4787,975.4975,11.0,8.8,11.400001,127.0,31.0,127.0
99,93.20889,-458.53934,-316.07632,-680.1157,-535.9262,-753.8403,1173.0616,983.9115,973.68274,11.1,7.5,11.6,127.0,31.0,127.0
100,92.54229,-451.6068,-317.51886,-680.9197,-521.71423,-747.6577,1166.6014,980.84265,972.2732,11.0,11.900001,9.2,127.0,31.0,127.0
101,92.22492,-443.938,-318.4405,-681.91064,-507.02728,-738.211,1159.8627,978.559,971.4224,11.0,11.2,11.400001,127.0,31.0,115.0
102,92.187004,-435.55984,-319.60596,-683.17773,-492.26678,-727.2883,1153.3492,977.01135,970.0493,11.1,11.5,11.5,127.0,31.0,119.0
103,92.16191,-426.5196,-320.61548,-684.7019,-476.6815,-715.97736,1147.4202,976.01227,968.25635,10.900001,11.5,11.400001,127.0,31.0,115.0
104,92.03119,-416.51273,-320.79315,-686.3094,-460.6032,-704.0112,1142.1077,975.2837,966.65826,11.0,11.0,11.900001,127.0,31.0,113.0
105,91.76679,-405.29803,-320.42102,-688.3723,-444.4893,-691.61456,1137.933,974.47894,965.38776,11.0,11.0,12.400001,127.0,31.0,113.0
106,91.21896,-392.83105,-319.93698,-691.0969,-428.6036,-679.3303,1135.5035,973.4837,964.74945,11.0,11.5,12.400001,127.0,31.0,115.0
107,90.21435,-379.26498,-319.4607,-694.413,-413.45453,-667.43256,1134.8531,972.5076,964.7811,11.0,11.400001,12.5,127.0,31.0,115.0
108,88.706,-364.9349,-318.9706,-698.2205,-398.9718,-656.2496,1136.0022,971.96484,965.17145,10.6,11.1,11.0,127.0,31.0,123.0
109,86.735275,-350.65576,-318.3657,-702.37384,-385.74878,-645.8983,1139.0864,971.7961,965.59985,11.0,8.900001,11.1,127.0,31.0,123.0
110,84.1559,-337.41687,-317.82632,-706.86346,-374.7041,-636.1287,1143.8792,971.96533,966.3658,10.900001,11.900001,11.5,127.0,31.0,123.0
111,80.915146,-325.16678,-317.68176,-711.6719,-364.08887,-626.4539,1150.0182,973.175,967.9341,11.6,11.2,11.5,127.0,31.0,123.0
112,77.36866,-313.2955,-318.07877,-716.49225,-353.20337,-616.3683,1157.332,975.7385,970.32385,11.0,11.5,11.6,127.0,31.0,127.0
113,73.61568,-301.67722,-318.74863,-721.3019,-342.94644,-606.45044,1165.5408,979.4266,973.8528,11.400001,10.7,11.5,127.0,63.0,125.0
114,69.609924,-290.5129,-319.01025,-726.4511,-333.93857,-597.46893,1174.3932,983.8426,978.61456,11.1,11.400001,11.6,127.0,63.0,93.0
115,65.53024,-279.4908,-318.68546,-731.82587,-326.6524,-589.26886,1183.6237,988.72546,983.94635,11.400001,11.5,11.400001,127.0,63.0,93.0
116,61.41718,-268.20987,-317.9774,-737.21875,-321.096,-582.2737,1192.7769,993.59314,989.7191,11.400001,11.400001,10.7,127.0,63.0,93.0
117,57.206276,-257.0121,-317.00272,-742.6506,-317.27234,-576.7836,1201.4863,997.9718,995.8169,11.5,11.2,11.400001,127.0,63.0,89.0
118,52.891827,-246.0906,-315.95267,-747.9907,-314.8721,-572.0545,1209.5781,1002.16144,1001.8145,11.5,11.2,11.5,127.0,63.0,89.0
119,48.510742,-235.48822,-314.79263,-753.24713,-313.57965,-567.60333,1216.8733,1006.3172,1007.5081,11.5,11.0,11.5,127.0,63.0,91.0
120,44.06727,-225.80943,-313.39398,-758.4765,-312.88864,-563.17505,1223.0327,1010.1802,1012.3045,11.2,10.900001,11.5,127.0,63.0,91.0
121,39.492344,-217.43523,-311.89044,-763.59515,-312.40128,-558.9323,1227.8396,1013.3258,1015.568,11.2,11.400001,11.6,127.0,63.0,91.0
122,34.867092,-210.02602,-310.07095,-768.52814,-311.81833,-554.50073,1230.8846,1015.2211,1016.5058,10.1,10.900001,11.400001,127.0,63.0,91.0
123,30.403332,-203.02798,-307.62094,-773.1897,-310.73004,-549.0816,1231.8641,1015.5152,1015.0681,11.5,11.2,12.400001,127.0,63.0,83.0
124,26.017612,-195.97856,-305.09088,-777.9269,-308.945,-542.65656,1231.1556,1013.8075,1009.91754,11.2,11.5,12.400001,127.0,63.0,115.0
125,21.5076,-188.49385,-304.1724,-782.9984,-306.2069,-538.53973,1228.7985,1009.82605,1004.1475,11.0,11.400001,11.1,127.0,63.0,123.0
126,17.08121,-180.52774,-302.5436,-788.0268,-302.68326,-532.63873,1224.5005,1003.9671,996.6855,11.400001,11.5,11.900001,127.0,63.0,123.0
127,12.828637,-172.25879,-300.98975,-792.8946,-298.57385,-525.7034,1218.5784,996.8932,988.55273,11.400001,11.2,11.400001,127.0,63.0,123.0
128,8.356717,-163.80936,-300.39752,-797.92505,-294.1476,-518.5739,1211.6527,989.176,981.33014,11.5,11.400001,11.1,127.0,63.0,123.0
129,3.419213,-155.32623,-300.6219,-803.14374,-290.37903,-511.14075,1203.9897,981.29443,976.003,11.2,9.400001,11.0,127.0,63.0,123.0
130,-2.2443454,-146.78966,-301.0005,-808.44763,-287.67975,-503.48407,1195.8041,973.8579,972.70465,11.5,11.0,11.1,127.0,63.0,123.0
131,-9.044821,-138.38885,-301.0179,-813.58826,-286.12616,-495.68973,1187.3688,967.36395,970.19586,11.0,10.900001,11.1,127.0,127.0,123.0
132,-17.030884,-129.91441,-300.18878,-817.9173,-285.46036,-487.35922,1178.6772,961.57886,966.9471,11.2,11.0,11.5,127.0,111.0,123.0
133,-26.22076,-120.289085,-298.32837,-821.2883,-284.31003,-478.1556,1169.8944,956.54315,962.7349,10.7,10.900001,10.7,127.0,127.0,123.0
134,-36.776806,-108.93154,-295.0555,-824.1452,-282.05286,-467.8232,1161.4896,952.44904,958.2398,11.400001,10.900001,11.0,127.0,127.0,107.0
135,-48.926384,-96.06407,-290.1286,-826.76306,-279.30933,-456.46164,1153.844,949.16846,953.97705,11.1,11.0,11.5,127.0,127.0,43.0
136,-63.069866,-82.20365,-284.36224,-828.9916,-276.85464,-444.64853,1147.2792,946.8145,950.39746,11.2,10.900001,11.2,127.0,127.0,43.0
137,-79.1401,-67.62979,-278.04422,-830.2076,-274.97818,-432.37488,1141.8613,945.135,948.22687,11.400001,10.900001,11.1,127.0,126.0,43.0
138,-97.04398,-51.927593,-271.1643,-829.75714,-273.4322,-419.29114,1137.6617,944.1561,947.7674,11.400001,11.0,11.0,127.0,127.0,43.0
139,-117.23489,-35.78794,-264.46542,-827.34656,-273.06088,-405.57407,1134.8427,943.6161,948.9653,11.400001,7.5,11.5,63.0,127.0,43.0
140,-139.62279,-20.552744,-257.6599,-822.5166,-275.48416,-391.12076,1133.3778,942.99207,951.3883,11.400001,11.6,10.2,127.0,119.0,42.0
141,-163.94557,-5.5331783,-249.53162,-815.00726,-279.02573,-375.47968,1133.644,942.70197,953.9595,11.2,10.400001,11.0,127.0,127.0,58.0
142,-190.38362,9.728931,-240.33511,-804.911,-281.6117,-358.99896,1136.1841,943.05237,956.9782,11.6,11.900001,11.1,123.0,117.0,58.0
143,-218.98514,24.409292,-230.65524,-791.93823,-284.4519,-341.77603,1141.129,944.95746,961.0438,11.1,12.2,11.2,127.0,117.0,58.0
144,-249.33322,38.34741,-220.13821,-775.39874,-287.0968,-323.6226,1148.0491,948.5144,966.06396,11.2,12.0,11.6,127.0,112.0,122.0
145,-280.39337,51.94699,-208.89055,-754.93774,-288.3122,-305.21912,1156.7974,952.3211,972.43445,11.1,12.5,11.5,127.0,97.0,122.0
146,-311.65674,68.742935,-197.61423,-730.24225,-277.47946,-287.468,1166.6412,949.59045,979.7409,9.6,5.1,11.400001,127.0,113.0,122.0
147,-343.10925,71.94921,-186.9622,-700.9618,-298.151,-270.63022,1176.757,964.6573,987.1911,11.5,10.7,11.0,127.0,107.0,126.0
148,-373.69376,78.8312,-177.03888,-667.3592,-300.5431,-254.30215,1187.7316,968.8837,993.9999,10.7,11.0,11.2,127.0,123.0,124.0
149,-402.31198,84.744415,-166.97998,-629.2373,-303.4735,-237.70728,1199.3921,973.12366,998.88654,11.5,10.7,11.2,127.0,107.0,125.0
150,-428.7743,89.76672,-156.06288,-586.2742,-306.79996,-220.07994,1211.7328,976.8882,1001.66693,11.5,11.0,12.0,127.0,123.0,117.0
151,-452.48856,94.17384,-145.51613,-539.25867,-310.78156,-208.51663,1224.7517,979.8906,1003.90283,10.6,11.2,11.0,127.0,123.0,119.0
152,-472.64218,97.93107,-133.82545,-489.28702,-315.3837,-195.94464,1237.5336,981.97723,1005.04205,11.1,11.2,11.1,127.0,91.0,127.0
153,-489.3776,100.80954,-121.33863,-436.35446,-319.87796,-182.93427,1249.7429,983.3833,1005.31036,11.5,11.1,11.400001,127.0,27.0,127.0
154,-502.7938,102.960335,-108.96462,-380.48514,-324.30304,-170.02838,1261.3251,985.448,1005.0872,11.6,11.5,11.400001,127.0,27.0,127.0
155,-512.4779,103.2926,-97.4991,-322.0442,-328.34427,-157.31552,1272.0377,987.6476,1004.514,11.2,8.0,11.7,127.0,91.0,125.0
156,-519.2186,100.672585,-86.83394,-261.50043,-331.16306,-144.95445,1281.7197,987.7972,1003.57275,11.7,11.400001,11.2,127.0,91.0,127.0
157,-518.6567,96.21049,-76.21654,-198.39403,-333.05087,-132.88785,1290.5582,987.3763,1001.90326,11.5,10.900001,11.7,127.0,123.0,127.0
158,-514.2613,90.64554,-65.46687,-134.38799,-334.29538,-120.757904,1298.1902,987.01294,999.5423,11.400001,9.400001,12.2,127.0,123.0,95.0
159,-504.35272,84.14401,-54.5338,-69.4447,-334.7559,-108.677826,1304.4069,985.1506,996.74945,11.0,11.0,12.2,127.0,123.0,95.0
160,-488.83667,76.95659,-43.07209,-4.268314,-334.079,-97.200386,1309.3667,982.9123,993.5073,11.5,11.1,12.0,127.0,123.0,31.0
161,-467.8111,69.19046,-30.88472,60.40801,-331.87067,-86.40493,1312.8508,981.1819,990.08185,11.5,11.0,11.900001,127.0,123.0,31.0
162,-442.63947,61.02435,-18.203485,124.57272,-328.27252,-75.90833,1314.9266,979.9129,987.22815,11.6,11.5,11.6,127.0,123.0,31.0
163,-410.66046,52.668026,-5.206299,184.3278,-322.99872,-65.34161,1314.4153,978.77594,985.283,11.900001,11.1,11.900001,127.0,123.0,31.0
164,-373.68842,44.34398,8.107264,241.45798,-316.53275,-55.117874,1312.3596,977.7904,983.8668,11.7,8.8,11.6,127.0,127.0,31.0
165,-331.86383,36.061764,21.759531,294.28668,-309.61905,-45.77648,1308.952,977.4897,982.52014,11.7,11.0,11.900001,127.0,123.0,15.0
166,-285.81097,27.748957,35.870396,341.0489,-301.0695,-36.678894,1303.4967,976.9743,981.14044,10.6,11.1,11.7,127.0,127.0,15.0
167,-237.9963,19.58791,50.28123,384.18146,-290.28757,-27.450636,1296.5007,975.6727,979.7337,11.2,11.0,11.400001,95.0,127.0,15.0
168,-188.47543,12.229191,64.725,422.28394,-277.18625,-18.09644,1287.1138,973.6904,978.1781,10.900001,10.900001,11.6,95.0,127.0,15.0
169,-137.96379,6.037718,79.09428,454.74127,-261.7197,-8.546686,1275.2661,970.9488,976.20184,10.6,11.6,11.5,95.0,127.0,15.0
170,-87.32093,1.0232087,93.23051,481.58127,-245.19522,0.8334113,1261.1646,967.6996,973.45526,11.1,11.900001,11.900001,95.0,127.0,15.0
171,-36.239883,-2.9174914,106.91658,503.6422,-229.32707,9.417869,1245.4218,964.29926,969.9372,9.1,11.5,11.400001,127.0,127.0,15.0
172,16.209053,-6.2248654,119.673416,521.36017,-215.06009,16.340042,1228.9075,961.1256,966.0047,10.6,11.1,11.6,127.0,125.0,31.0
173,68.946365,-9.633067,130.86777,534.0673,-202.30334,20.752823,1211.4832,958.79926,962.4548,10.1,11.5,11.5,127.0,127.0,31.0
174,120.70257,-13.59067,140.37567,541.02075,-191.5928,22.477291,1192.8156,957.3776,959.86316,9.900001,11.0,11.7,63.0,127.0,30.0
175,171.11595,-17.840696,148.45018,542.0966,-182.94617,22.956575,1173.536,956.56995,958.27295,10.6,11.5,11.2,63.0,125.0,30.0
176,219.6827,-22.080376,155.27141,537.1332,-174.71782,23.733965,1154.0626,956.73254,958.10364,9.900001,11.5,11.5,63.0,127.0,31.0
177,266.11215,-26.121288,161.31636,526.21857,-166.16254,24.897848,1134.4495,957.9516,959.37726,10.400001,11.6,11.900001,63.0,127.0,29.0
178,310.1621,-29.92784,167.21016,509.93872,-157.36824,22.07102,1115.3008,960.07074,961.7653,10.1,11.7,11.6,63.0,95.0,31.0
179,352.05136,-33.641018,172.4819,488.02402,-148.17406,20.313366,1097.4906,963.0501,964.6388,9.6,11.900001,11.900001,63.0,95.0,29.0
180,391.84708,-37.231453,177.56813,460.3551,-138.89618,17.754414,1081.2694,966.5998,967.7539,10.1,11.6,11.5,63.0,95.0,31.0
181,428.36087,-40.776756,182.40529,428.06644,-129.93774,13.618017,1066.1904,970.41766,971.1413,9.7,11.7,11.7,63.0,95.0,31.0
182,460.75677,-44.32657,186.79715,391.69995,-121.09013,8.410714,1051.8707,974.411,974.9176,9.900001,11.5,11.6,63.0,95.0,31.0
183,489.0608,-47.532192,190.80298,351.89893,-112.59845,2.4522693,1038.3911,978.37006,978.9739,9.900001,11.1,11.900001,63.0,95.0,31.0
184,513.38446,-50.20681,194.15627,309.62973,-104.65346,-4.3210754,1026.1758,982.0311,983.18317,9.400001,11.5,11.900001,63.0,31.0,31.0
185,534.1162,-52.574947,196.82655,264.805,-97.039085,-12.062775,1015.5336,985.27905,987.15875,10.1,11.6,11.7,63.0,31.0,31.0
186,551.4741,-54.71682,198.83167,217.55014,-89.92299,-20.72233,1006.4786,987.936,990.67126,9.900001,11.900001,11.7,127.0,31.0,31.0
187,565.33215,-56.444767,199.9722,168.90114,-83.555244,-30.404417,998.9951,989.8288,993.3391,9.7,11.900001,10.6,127.0,31.0,31.0
188,575.754,-57.6692,200.57854,119.38745,-78.39648,-40.534264,992.74915,990.7016,994.94464,9.7,11.7,10.900001,127.0,31.0,31.0
189,582.7123,-58.694664,200.91913,69.03454,-74.32616,-50.573368,987.20276,990.5704,995.9255,9.900001,11.900001,10.1,127.0,31.0,31.0
190,585.9803,-59.84005,200.75108,18.252434,-71.04059,-60.704185,982.08167,989.7143,996.3652,10.2,12.0,10.6,127.0,31.0,31.0
191,585.467,-60.98553,199.84972,-32.565628,-68.62732,-71.34773,977.2189,988.14435,996.07526,9.900001,12.0,10.1,127.0,31.0,31.0
192,581.27686,-62.093163,198.29884,-83.35261,-67.35158,-81.876976,972.5744,985.7987,995.22217,10.1,11.900001,10.2,127.0,31.0,31.0
193,573.6062,-63.51346,196.14125,-134.20346,-67.7448,-92.13953,968.3022,982.9255,993.6781,10.1,11.7,11.6,127.0,31.0,31.0
194,562.62213,-65.361595,193.15048,-185.1938,-69.76155,-103.48987,964.4585,979.76135,991.24493,10.400001,11.900001,11.900001,127.0,31.0,31.0
195,548.28656,-67.86034,189.3479,-235.91913,-73.552986,-115.592094,960.8859,976.0871,988.3749,10.400001,11.1,11.7,127.0,31.0,31.0
196,530.613,-71.355705,184.7648,-286.06284,-79.15762,-128.2625,957.641,972.20306,985.0623,10.400001,12.0,10.1,127.0,15.0,63.0
197,509.96317,-75.80389,179.10945,-335.43216,-85.923584,-142.07077,954.8775,968.50323,981.22144,10.400001,11.0,10.1,125.0,15.0,31.0
198,486.525,-81.31506,172.32127,-383.0122,-93.39063,-156.3592,952.5556,964.83954,977.38855,10.2,11.7,10.7,125.0,15.0,31.0
199,460.44495,-87.82075,164.59085,-428.03256,-101.62511,-171.40347,950.89044,961.06714,973.65894,10.6,11.5,10.1,127.0,15.0,63.0
200,432.3824,-94.81929,156.0839,-470.0807,-110.694725,-187.84752,950.0457,957.2842,970.0583,10.400001,11.5,10.2,127.0,7.0,31.0
201,403.05173,-101.57406,147.58147,-508.62192,-119.88889,-204.48923,949.7619,954.3054,967.27277,10.900001,11.2,10.400001,127.0,15.0,31.0
202,373.2847,-107.48541,139.71425,-542.8745,-129.18425,-221.0958,949.5566,952.36523,965.33344,9.2,11.7,10.400001,127.0,15.0,63.0
203,343.70694,-113.7849,132.25755,-572.6023,-140.02846,-238.42339,949.07996,951.04456,963.8324,11.900001,11.7,10.900001,123.0,15.0,63.0
204,314.93756,-119.04804,124.98542,-598.52454,-150.6104,-255.62079,948.46436,950.0154,962.8676,10.2,9.2,11.0,127.0,7.0,63.0
205,288.20367,-120.993645,117.724045,-620.6902,-158.09439,-272.4353,947.9399,949.6207,962.4204,10.900001,10.6,11.0,91.0,15.0,63.0
206,264.06598,-123.28001,110.33651,-639.3911,-165.91383,-289.82098,947.7372,950.68005,962.4466,11.0,9.400001,10.400001,95.0,31.0,63.0
207,242.68875,-126.728096,102.651474,-655.3094,-175.39217,-307.62857,948.05,952.80426,963.04156,11.1,7.4,11.0,127.0,31.0,127.0
208,224.2626,-128.97617,94.505905,-668.6016,-183.27286,-325.29913,948.6941,956.17413,964.54407,11.0,11.900001,11.0,127.0,31.0,63.0
209,208.64041,-130.6119,85.80613,-679.0957,-189.62395,-342.99115,949.3379,961.1562,967.38257,11.2,12.2,10.900001,127.0,31.0,63.0
210,195.66415,-131.64151,76.51336,-686.67926,-195.34868,-360.39417,949.857,966.5299,971.3984,11.400001,12.2,10.6,127.0,31.0,63.0
211,185.31728,-131.3388,66.90741,-691.44104,-200.59467,-377.33786,950.21027,971.46405,976.05786,11.0,11.400001,10.6,127.0,31.0,63.0
212,177.43161,-129.63783,57.379627,-693.5841,-205.7878,-394.09192,950.34094,975.84467,981.0269,11.1,11.900001,11.0,127.0,29.0,63.0
213,171.63222,-126.51215,48.34612,-693.61346,-211.38895,-410.68356,950.1378,979.30945,985.8717,11.1,11.7,11.2,127.0,29.0,62.0
214,167.5358,-122.33431,39.968636,-691.6332,-217.93567,-426.89066,949.4449,981.6428,989.7323,11.2,11.5,10.6,127.0,29.0,62.0
215,164.70778,-117.89274,32.035408,-687.5668,-225.17197,-442.6019,948.3132,983.61224,992.54175,11.5,11.2,11.0,127.0,29.0,62.0
216,162.94734,-113.71466,24.216019,-681.9756,-232.9409,-457.85046,947.1839,986.12305,994.80743,11.5,11.400001,10.7,123.0,29.0,63.0
217,162.04144,-109.86814,16.34077,-675.3573,-241.07175,-472.08597,946.43665,988.95294,996.3274,11.0,10.7,10.6,127.0,29.0,63.0
218,161.66037,-106.23528,8.468486,-667.69183,-248.97762,-485.2552,945.98773,991.602,997.14154,10.900001,11.1,11.2,127.0,29.0,63.0
219,161.49144,-102.96778,0.756415,-659.27423,-256.5146,-497.96188,945.8037,993.9021,997.4452,11.0,11.0,11.1,123.0,29.0,63.0
220,161.2812,-100.1083,-6.281668,-650.4823,-263.91165,-510.10873,946.04584,995.7599,996.9755,11.0,10.900001,11.0,127.0,29.0,63.0
221,160.88791,-97.369835,-12.332981,-641.27686,-271.67627,-521.4716,946.73926,997.20447,995.9759,11.1,10.6,11.1,127.0,29.0,63.0
222,160.10944,-94.77196,-17.623913,-631.8296,-279.86075,-532.5091,947.7176,998.3545,994.8878,11.2,10.6,10.7,127.0,13.0,63.0
223,158.91815,-92.701515,-22.343378,-622.53284,-288.00595,-543.3645,948.754,999.5143,993.6703,11.2,10.900001,10.900001,127.0,13.0,47.0
224,157.59763,-90.97863,-26.478252,-613.7007,-296.30344,-553.7703,949.8587,1001.17725,992.3469,11.400001,10.6,11.0,127.0,13.0,47.0
225,156.55511,-88.9592,-29.933294,-605.63495,-305.84348,-564.14813,951.10004,1003.13104,991.1322,11.2,10.400001,10.400001,127.0,12.0,111.0
226,155.96214,-87.06681,-32.333275,-598.50323,-316.22366,-574.71124,952.4544,1004.826,990.149,11.400001,10.1,11.5,127.0,14.0,79.0
227,155.72058,-85.20611,-33.54112,-592.12506,-325.51892,-584.96216,953.921,1006.7704,989.1646,11.1,11.0,11.900001,127.0,14.0,79.0
228,155.62553,-83.837715,-33.95812,-586.33014,-334.98627,-594.93134,955.36206,1008.35364,987.91125,11.1,8.5,12.0,127.0,14.0,79.0
229,155.5074,-84.51998,-34.305916,-581.0721,-346.42944,-605.7843,956.7795,1008.78894,986.6531,11.0,10.6,11.5,127.0,14.0,79.0
230,155.30658,-85.66,-34.161304,-576.06995,-358.79544,-617.0374,958.2892,1009.3773,985.4074,10.900001,11.0,9.2,127.0,14.0,95.0
231,155.03001,-86.28519,-32.664906,-571.1759,-371.56473,-627.29346,960.0067,1010.43066,984.099,11.0,11.7,11.900001,127.0,14.0,87.0
232,154.7062,-87.34951,-30.957514,-566.6878,-384.61066,-637.97925,962.26996,1011.3146,983.25055,10.7,10.400001,12.400001,127.0,14.0,71.0
233,154.26381,-89.237946,-27.695255,-562.9077,-397.37442,-645.0656,965.1864,1011.92,982.22894,10.6,11.1,8.400001,127.0,14.0,87.0
234,153.82835,-92.25746,-27.943308,-559.6976,-409.52332,-659.21204,968.7248,1012.4023,981.6756,11.1,10.400001,12.400001,127.0,14.0,71.0
235,153.45563,-96.73026,-26.629324,-556.854,-421.70358,-668.8723,973.1355,1012.08105,981.9402,11.0,11.5,11.900001,127.0,14.0,87.0
236,152.96478,-101.30448,-25.673151,-554.4405,-433.06482,-678.0953,978.2753,1011.2938,982.5275,10.6,7.6,12.2,127.0,30.0,87.0
237,152.3913,-105.06408,-24.690308,-552.7364,-442.24728,-687.30994,983.7256,1011.62756,983.0838,10.900001,8.400001,12.5,127.0,30.0,83.0
238,151.91081,-110.10383,-23.262611,-551.8741,-451.27908,-695.8494,989.42645,1012.46783,983.49805,10.900001,11.400001,11.5,127.0,14.0,55.0
239,151.58173,-116.06918,-21.371304,-551.7305,-460.85474,-703.01874,995.3826,1013.18115,984.3666,11.0,11.5,11.400001,127.0,14.0,119.0
240,151.49353,-121.7171,-19.167503,-552.06335,-469.70163,-709.48096,1001.441,1014.04736,986.16876,11.0,10.6,11.2,63.0,14.0,119.0
241,151.93492,-127.10615,-16.665571,-552.4563,-477.83105,-715.19666,1007.74286,1015.1092,989.167,10.900001,11.5,11.7,63.0,14.0,119.0
242,153.18292,-131.97513,-13.835331,-553.4036,-485.7532,-720.05817,1014.1558,1016.115,993.24286,9.900001,11.7,11.5,127.0,14.0,119.0
243,154.79951,-136.43173,-10.788873,-555.5983,-493.35306,-724.50433,1019.81714,1016.62854,998.089,9.7,11.5,11.5,127.0,14.0,119.0
244,156.30911,-140.03981,-7.78497,-558.07416,-499.91016,-728.351,1024.8851,1016.7603,1003.26697,11.0,11.1,11.7,63.0,14.0,119.0
245,158.06522,-142.90094,-4.9780946,-559.87024,-504.79108,-730.6387,1030.2535,1016.8061,1008.08655,9.900001,11.400001,11.400001,63.0,14.0,119.0
246,159.98308,-145.93332,-2.5590472,-561.4975,-508.02933,-730.96313,1035.8335,1016.93445,1012.48627,9.6,11.400001,11.0,63.0,14.0,119.0
247,161.88087,-148.38983,-0.9174135,-563.415,-510.46683,-730.24744,1041.1876,1016.7514,1016.548,10.400001,11.0,11.7,63.0,14.0,119.0
248,163.98886,-149.78123,0.09512887,-565.1346,-512.5288,-729.86975,1046.3141,1016.6587,1020.3125,11.0,9.400001,11.7,63.0,15.0,119.0
249,166.10913,-151.22911,0.85741603,-566.4049,-513.9355,-730.0217,1051.2762,1017.0542,1023.87885,11.1,10.6,11.7,63.0,15.0,119.0
250,167.79079,-152.19604,1.1677628,-567.5902,-514.6383,-730.6059,1055.8853,1016.9447,1027.067,10.6,10.7,11.7,63.0,15.0,119.0
251,168.97914,-151.81618,0.9854742,-568.4432,-515.0449,-731.90063,1059.8558,1016.4526,1029.8682,10.6,10.900001,11.900001,63.0,15.0,119.0
252,169.82983,-150.47725,0.5029513,-568.5666,-515.7472,-733.6604,1063.1108,1015.91895,1032.1316,11.1,10.6,12.0,63.0,15.0,119.0
253,170.17467,-148.68967,-0.4209523,-568.364,-517.1621,-735.98663,1065.5106,1014.9881,1033.6831,10.7,11.0,11.900001,63.0,15.0,119.0
254,169.8397,-146.47089,-1.9487059,-568.05493,-518.79095,-739.0241,1066.8356,1013.7214,1034.6667,11.0,10.400001,11.900001,63.0,15.0,119.0
255,168.8528,-144.07559,-3.995936,-567.36975,-520.2877,-742.4031,1067.2249,1012.3313,1035.0363,11.1,9.900001,11.7,63.0,15.0,119.0
256,167.41234,-142.61647,-6.338397,-566.5238,-522.48004,-745.75867,1066.8109,1010.98065,1034.5266,11.0,10.400001,11.6,63.0,15.0,127.0
257,165.6565,-141.8477,-8.684232,-566.0212,-525.6218,-749.4347,1065.5122,1009.77185,1032.9801,11.1,9.900001,11.7,63.0,15.0,127.0
258,163.49237,-139.96674,-10.571358,-565.75726,-528.6643,-754.21075,1063.1458,1008.91296,1030.8243,11.0,8.900001,11.5,63.0,15.0,127.0
259,160.7908,-136.38695,-11.868379,-565.44885,-530.7399,-759.906,1059.4424,1008.3547,1028.567,10.6,10.7,11.900001,63.0,15.0,127.0
260,157.59268,-133.06474,-13.018017,-565.32245,-533.1514,-765.75586,1054.2139,1007.2297,1026.1981,10.900001,5.9,11.5,63.0,15.0,127.0
261,154.17346,-131.75015,-14.519926,-565.5554,-537.3058,-771.5208,1047.3876,1004.6379,1023.67737,10.900001,8.900001,11.1,63.0,15.0,119.0
262,150.8501,-131.42978,-16.423347,-566.1765,-542.3787,-777.2495,1039.1718,1000.82874,1020.826,11.0,8.5,11.400001,63.0,15.0,119.0
263,147.78783,-130.80629,-18.255768,-567.40735,-547.0442,-782.73285,1029.8478,996.5662,1017.13306,10.6,11.7,11.5,63.0,15.0,119.0
264,144.91641,-130.19014,-19.732548,-569.30457,-551.0093,-787.9471,1019.5378,992.09296,1012.87494,11.0,11.2,11.1,63.0,15.0,119.0
265,141.89809,-130.04381,-21.150747,-572.05426,-555.39764,-793.44086,1008.27576,987.4384,1009.5603,11.1,11.5,11.5,63.0,31.0,119.0
266,138.15767,-130.4601,-22.793411,-575.73724,-560.5687,-798.87604,996.20135,983.06915,1008.52094,11.0,8.400001,11.6,63.0,31.0,119.0
267,133.41978,-130.70082,-24.721588,-580.22064,-564.5172,-803.5042,983.70496,980.4432,1009.70294,11.0,6.4,11.2,63.0,31.0,119.0
268,128.0818,-130.88026,-26.992466,-585.6861,-567.47955,-807.57745,971.2683,980.2331,1011.9094,11.0,11.0,11.900001,63.0,31.0,119.0
269,122.876945,-131.52507,-26.469337,-592.28503,-571.11115,-805.93506,959.5592,981.1092,1013.7415,11.0,9.6,6.5,63.0,31.0,63.0
270,118.5631,-131.327,-26.98206,-600.69196,-574.16693,-808.7041,948.9416,982.42596,1015.715,11.0,10.400001,8.3,63.0,31.0,127.0
271,114.86994,-129.49518,-27.529633,-609.81915,-576.20404,-813.95013,939.874,984.28973,1017.96893,10.1,10.2,10.2,63.0,31.0,127.0
272,111.5017,-126.37565,-27.542925,-619.26276,-578.1841,-819.6052,932.09033,986.5455,1020.32446,9.400001,11.400001,11.0,63.0,31.0,127.0
273,109.04724,-122.87167,-27.397276,-631.3642,-580.45966,-825.392,924.6869,989.13306,1022.48956,11.400001,11.6,11.400001,63.0,31.0,127.0
274,106.84452,-119.7533,-26.77118,-644.8979,-582.7133,-829.27075,918.00574,991.92145,1024.0063,11.0,11.900001,9.1,63.0,31.0,127.0
275,104.23593,-116.91984,-25.275127,-658.2158,-584.68365,-830.241,912.174,994.6965,1024.9413,10.900001,11.1,11.7,63.0,31.0,87.0
276,101.58227,-114.154785,-23.846722,-671.84546,-586.6037,-831.5145,907.042,997.1008,1026.1108,11.400001,11.5,12.2,63.0,31.0,67.0
277,99.012375,-111.41391,-22.917635,-685.5954,-588.51154,-834.1787,902.5524,999.1399,1027.3983,11.0,11.2,11.6,63.0,31.0,71.0
278,96.60076,-108.77255,-21.934206,-699.5551,-589.6252,-836.2851,898.4893,1001.18866,1028.2643,10.6,11.1,11.900001,63.0,31.0,71.0
279,94.682175,-106.81292,-20.907084,-714.03827,-590.1854,-837.767,894.8173,1003.0597,1028.8854,10.6,8.8,11.900001,63.0,31.0,71.0
280,93.59182,-105.95301,-20.120075,-728.7895,-591.8876,-839.54663,891.41174,1004.106,1029.551,11.0,8.400001,11.900001,63.0,31.0,71.0
281,93.11053,-105.088036,-18.267464,-743.23615,-594.2388,-838.7049,888.3159,1004.16046,1029.5353,11.400001,7.0,8.3,63.0,31.0,99.0
282,92.898674,-103.643105,-18.410795,-757.3335,-596.0149,-841.1351,885.56415,1003.55115,1029.7664,11.2,11.5,9.6,63.0,31.0,111.0
283,92.60246,-102.54583,-19.08184,-771.1615,-597.4605,-844.8134,882.95215,1002.9454,1029.7223,11.5,11.7,11.0,63.0,31.0,111.0
284,91.95172,-102.068474,-19.263548,-784.3938,-598.73694,-847.9134,880.3519,1002.6117,1029.4833,11.400001,11.2,10.900001,63.0,31.0,47.0
285,91.14561,-101.873924,-19.514692,-797.02094,-599.841,-850.5876,877.8376,1002.37933,1029.159,11.2,11.5,9.400001,63.0,31.0,47.0
286,90.22859,-101.84525,-19.2266,-808.9895,-601.06256,-851.61255,875.45483,1002.17847,1028.9999,11.400001,11.400001,8.0,63.0,31.0,47.0
287,89.29448,-102.03454,-18.062891,-820.14746,-602.1571,-850.9126,873.23236,1001.9645,1029.2289,11.6,11.900001,11.0,63.0,31.0,15.0
288,88.60265,-102.39892,-17.414074,-830.9466,-603.0562,-850.8819,871.2448,1001.85986,1029.3662,11.1,11.7,11.1,63.0,31.0,15.0
289,88.132225,-102.76238,-17.349371,-841.1636,-604.0418,-851.73193,869.4603,1001.8519,1029.2656,11.0,11.7,11.0,63.0,31.0,15.0
290,87.860596,-103.05613,-16.863691,-850.3724,-604.89374,-851.90625,867.86145,1001.90015,1029.0692,11.2,11.5,11.5,63.0,31.0,15.0
291,87.70071,-103.46642,-16.234085,-859.1413,-605.7013,-851.794,866.5954,1002.1187,1028.9858,11.400001,11.1,10.400001,63.0,31.0,47.0
292,87.68519,-103.94865,-16.140186,-867.41486,-606.6858,-852.66595,865.7528,1002.42065,1029.1068,11.0,11.5,10.400001,63.0,31.0,47.0
293,87.91423,-104.373795,-16.364897,-874.90265,-607.65546,-853.8733,865.2402,1002.83527,1029.2094,11.0,11.0,10.6,63.0,31.0,47.0
294,88.13782,-104.991196,-16.40538,-881.8649,-608.8813,-854.4993,864.977,1003.35724,1029.2849,11.2,11.0,11.0,63.0,31.0,47.0
295,88.18785,-105.6043,-16.318424,-888.2567,-610.2091,-855.02466,864.8107,1003.8052,1029.3323,10.900001,9.1,10.1,63.0,31.0,59.0
296,88.25583,-105.95888,-16.446768,-893.77325,-610.7226,-855.83655,864.58307,1004.2403,1029.3296,9.1,11.5,10.7,63.0,31.0,63.0
297,88.593506,-106.36577,-16.773039,-898.529,-611.0764,-856.6787,864.4113,1004.757,1029.4154,8.8,11.5,10.6,63.0,15.0,63.0
298,89.112206,-106.905365,-17.094067,-902.7812,-612.0389,-857.384,864.27795,1005.3135,1029.54,9.400001,11.2,11.1,127.0,15.0,63.0
299,89.36958,-107.34424,-17.396355,-906.06024,-612.8825,-857.9725,864.0966,1005.7897,1029.5308,9.2,11.5,11.1,127.0,15.0,59.0
300,89.05476,-107.871895,-17.632875,-908.3488,-613.4264,-858.2348,863.76,1006.1088,1029.3656,9.2,11.1,11.2,127.0,15.0,59.0
301,88.363,-108.57477,-17.78362,-910.0851,-613.8243,-858.2918,863.15674,1006.2836,1029.2299,11.0,10.900001,11.1,127.0,15.0,63.0
302,87.78326,-109.11618,-17.892334,-911.2541,-613.911,-858.39526,862.4973,1006.532,1029.1566,10.900001,11.5,11.1,127.0,15.0,59.0
303,87.15305,-109.317986,-18.069351,-911.94434,-613.58325,-858.51697,861.90717,1007.0652,1029.0752,11.0,11.2,11.0,127.0,15.0,63.0
304,86.272896,-109.422874,-18.36816,-912.4403,-612.9462,-858.74994,861.40393,1007.7808,1029.0518,11.2,10.1,11.0,63.0,15.0,59.0
305,85.675964,-109.62872,-18.64116,-912.68787,-612.7164,-859.03906,860.9855,1008.5615,1029.0012,11.2,9.7,11.1,63.0,15.0,63.0
306,85.41757,-110.04524,-18.888601,-912.464,-613.0105,-859.2234,860.6541,1009.09344,1029.0197,11.1,9.6,10.900001,63.0,15.0,63.0
307,85.253395,-111.2712,-19.125563,-912.0328,-613.73944,-859.33905,860.51996,1008.8957,1029.1185,11.0,9.1,11.0,63.0,15.0,59.0
308,85.30353,-112.15151,-19.262417,-911.5045,-614.17596,-859.3254,860.4943,1008.92474,1029.033,11.2,11.0,11.0,63.0,15.0,59.0
309,85.43004,-112.105415,-19.362238,-910.5812,-613.6439,-859.2146,860.42554,1009.5002,1028.8641,11.5,8.900001,10.7,63.0,15.0,63.0
310,85.475586,-112.84577,-19.424486,-909.31116,-613.32007,-859.1626,860.3601,1009.4716,1028.7891,11.5,8.900001,10.6,63.0,15.0,63.0
311,85.548515,-113.98182,-19.427572,-907.81494,-613.4522,-859.1666,860.3753,1009.3757,1028.7333,11.400001,7.9,10.7,63.0,15.0,59.0
312,85.71816,-114.8903,-19.379223,-906.15015,-613.98914,-859.0884,860.387,1009.5214,1028.5852,11.2,7.8,10.7,63.0,15.0,59.0
313,86.05832,-115.80488,-19.26957,-904.6056,-614.7635,-858.82104,860.41174,1009.5363,1028.3868,11.5,10.7,10.900001,63.0,15.0,63.0
314,86.43312,-115.98065,-19.16021,-903.0712,-614.84863,-858.6652,860.54193,1010.37964,1028.2648,11.5,10.6,10.7,63.0,15.0,63.0
315,86.78852,-115.812996,-19.258406,-901.258,-614.7159,-858.8234,860.73816,1011.5679,1028.1671,11.400001,8.400001,10.7,63.0,15.0,63.0
316,87.199974,-116.52839,-19.495079,-899.55237,-614.9844,-858.9968,860.8922,1011.34784,1028.0027,11.5,9.900001,11.1,63.0,15.0,47.0
317,87.56854,-117.67593,-19.47982,-898.08203,-615.35596,-858.9537,860.8722,1010.45795,1027.7941,11.0,10.6,10.7,63.0,15.0,47.0
318,87.867966,-118.39688,-19.347574,-896.39124,-615.5952,-858.83716,860.84143,1010.2253,1027.6091,11.0,10.400001,10.7,63.0,15.0,47.0
319,88.08542,-118.733696,-19.196938,-894.4401,-615.77997,-858.6865,860.82306,1010.2924,1027.519,11.1,10.400001,10.6,63.0,15.0,47.0
320,88.20376,-118.571945,-18.890821,-892.4983,-615.73694,-858.4591,860.63257,1010.6846,1027.5465,11.400001,10.900001,10.900001,63.0,15.0,47.0
321,88.187935,-118.16595,-18.610847,-890.56396,-615.4025,-858.31995,860.3654,1012.02423,1027.6652,11.0,9.900001,10.7,63.0,15.0,47.0
322,88.262184,-118.39734,-18.427153,-888.7889,-615.28595,-858.1858,860.0972,1013.0441,1027.7314,11.0,7.8,10.900001,63.0,15.0,47.0
323,88.614296,-119.231026,-18.129297,-887.2329,-615.28516,-857.8796,859.785,1012.7302,1027.6292,11.0,10.1,10.6,63.0,15.0,47.0
324,88.897125,-119.74622,-17.621384,-885.60187,-614.9125,-857.32367,859.4189,1012.5746,1027.4144,11.1,10.1,10.400001,63.0,15.0,47.0
325,89.07881,-119.76627,-16.982182,-884.02734,-614.4413,-856.75037,859.0197,1012.9812,1027.2567,11.400001,8.900001,10.400001,63.0,15.0,47.0
326,89.379944,-119.94734,-16.272501,-882.471,-614.2069,-856.471,858.4699,1013.0236,1027.2665,11.0,8.900001,10.1,63.0,15.0,47.0
327,89.66483,-120.5624,-15.84648,-880.90393,-613.94476,-856.47485,857.5161,1012.825,1027.2802,10.7,9.1,10.400001,63.0,15.0,47.0
328,89.845055,-121.41703,-15.475576,-879.55115,-613.51624,-856.4516,856.0883,1012.80994,1027.156,11.0,8.900001,11.1,63.0,15.0,15.0
329,90.0066,-122.379196,-14.284074,-878.28796,-613.1804,-855.50964,854.3741,1012.9019,1026.7882,11.0,9.1,11.5,63.0,15.0,15.0
330,90.08448,-123.17849,-12.180258,-876.7502,-612.9796,-853.5124,852.4025,1012.97614,1026.3628,11.0,9.400001,11.5,63.0,15.0,11.0
331,90.066216,-123.57775,-9.771989,-874.98035,-612.29425,-851.2805,850.10254,1012.99365,1026.1731,11.400001,8.1,10.7,63.0,15.0,11.0
332,90.039474,-125.26494,-7.633687,-873.3337,-612.00616,-849.06866,847.6067,1013.35114,1025.98,11.0,7.8,11.0,63.0,15.0,15.0
333,89.766075,-128.45741,-5.587674,-871.7079,-612.47046,-846.8333,845.106,1014.07294,1025.7231,10.900001,9.6,11.5,63.0,30.0,15.0
334,89.02116,-130.33742,-3.298642,-869.7739,-611.6054,-844.271,842.6295,1014.796,1025.3076,11.2,10.400001,11.2,63.0,31.0,15.0
335,87.94916,-131.76762,-1.0770193,-867.1724,-610.34985,-841.59906,840.0057,1015.69696,1024.4841,10.7,8.3,11.0,63.0,31.0,11.0
336,86.55505,-134.53543,1.1278858,-863.8734,-609.9474,-838.6928,837.4695,1016.6741,1023.6402,11.0,11.2,8.400001,63.0,15.0,63.0
337,84.508896,-137.4479,3.5933437,-860.04956,-609.1675,-833.7549,835.22943,1017.6699,1023.1378,11.1,9.1,9.7,63.0,31.0,63.0
338,81.537834,-139.83823,6.338182,-855.2929,-607.5768,-827.0624,833.12415,1019.1005,1022.7705,11.0,6.1,10.400001,63.0,31.0,127.0
339,77.88576,-142.14326,9.596348,-849.55206,-605.22626,-820.17596,831.3054,1021.0087,1022.4818,11.5,11.400001,11.5,63.0,31.0,127.0
340,73.98142,-144.9056,12.752549,-843.50006,-602.15106,-814.4478,829.89404,1022.67755,1021.70026,10.7,11.6,9.6,63.0,31.0,127.0
341,69.74426,-147.95966,15.428083,-836.8454,-598.34454,-810.0482,828.9654,1023.82574,1020.32086,10.900001,12.0,7.6,31.0,31.0,95.0
342,65.25261,-151.33473,18.456526,-828.7976,-599.3386,-803.9749,828.69946,1024.5831,1019.438,10.7,12.0,8.900001,31.0,31.0,95.0
343,60.51987,-154.8925,21.49264,-820.2303,-596.6255,-796.11676,829.20825,1025.9567,1019.16943,9.900001,11.7,8.0,31.0,31.0,95.0
344,55.668995,-158.44542,24.005564,-811.4892,-595.1906,-788.6093,830.3908,1026.8094,1019.0489,11.7,11.2,11.400001,95.0,31.0,95.0
345,51.815765,-162.0325,26.463469,-801.5896,-594.50104,-780.93353,832.0381,1027.2883,1018.7833,11.0,12.0,11.2,95.0,31.0,95.0
346,49.651493,-165.56488,28.744822,-790.41724,-593.61316,-773.3218,834.01685,1027.6855,1018.0093,11.6,11.5,11.2,95.0,31.0,95.0
347,48.93061,-168.90846,30.6656,-778.7445,-592.0536,-766.97064,836.1101,1028.023,1016.56244,8.900001,11.5,12.2,95.0,31.0,31.0
348,49.029415,-171.94464,32.8217,-768.1005,-589.8066,-758.27924,838.27997,1028.2207,1016.2962,11.2,11.6,11.0,95.0,31.0,31.0
349,49.857487,-174.5979,34.795925,-751.2208,-587.5279,-750.2713,841.71313,1028.2717,1015.79236,11.0,12.2,10.900001,63.0,31.0,63.0
350,52.6952,-176.77621,36.87723,-743.6694,-585.2938,-741.54584,842.5562,1028.1431,1015.3009,10.6,11.900001,11.900001,63.0,31.0,63.0
351,56.370342,-178.66962,39.018444,-726.27527,-582.5345,-732.96533,844.71783,1027.8636,1014.7411,11.5,11.6,11.7,63.0,31.0,63.0
352,60.68103,-180.38652,40.923622,-709.6332,-579.5207,-724.86554,846.6875,1027.4409,1014.14825,11.5,11.5,11.5,63.0,31.0,63.0
353,65.47865,-181.78345,42.60323,-693.2282,-576.271,-716.4789,848.3209,1027.0193,1013.59314,11.2,12.2,11.7,63.0,31.0,63.0
354,70.56106,-182.95999,44.167606,-676.4779,-572.85565,-707.8568,849.48566,1026.7001,1013.0689,11.900001,11.7,11.7,63.0,31.0,63.0
355,75.901825,-184.05435,45.45782,-659.27826,-569.1062,-699.8808,850.199,1026.3102,1012.5166,11.6,11.5,11.900001,63.0,31.0,63.0
356,81.418526,-185.181,46.490013,-641.8019,-564.72363,-692.33936,850.7088,1025.6559,1012.1219,11.6,11.5,10.2,63.0,31.0,63.0
357,86.889984,-186.41374,47.48816,-623.96295,-560.02496,-683.54614,851.08,1024.8586,1012.019,11.6,11.7,10.7,63.0,31.0,63.0
358,92.1398,-187.68112,48.332397,-606.3664,-554.8999,-674.04834,850.9517,1024.0156,1011.7024,11.5,11.5,10.400001,63.0,31.0,63.0
359,97.030495,-189.11118,48.96871,-588.6283,-549.2925,-664.525,850.55396,1022.93286,1011.11615,9.900001,11.5,11.0,63.0,31.0,63.0
360,101.63578,-190.81602,49.382614,-569.64545,-543.3773,-654.37494,850.6291,1021.6899,1010.66064,11.1,11.5,11.1,63.0,31.0,63.0
361,105.83352,-192.87595,49.43382,-550.7208,-537.2714,-643.8151,850.85223,1020.2722,1010.1516,11.2,11.5,10.6,127.0,31.0,63.0
362,109.15229,-195.2918,49.182877,-532.2407,-530.87115,-633.0768,850.8438,1018.5279,1009.43475,11.1,11.6,10.7,127.0,31.0,63.0
363,111.719864,-197.86191,48.68266,-513.5238,-524.0126,-621.764,850.8303,1016.2826,1008.705,11.6,11.7,11.0,127.0,31.0,63.0
364,113.64138,-200.62717,47.7896,-494.97473,-516.80963,-609.78955,850.852,1013.65576,1007.9584,11.1,11.7,10.400001,127.0,31.0,63.0
365,114.512276,-203.80905,46.549988,-476.49356,-509.67273,-597.6549,851.032,1010.91266,1007.33026,11.5,11.5,10.6,127.0,31.0,63.0
366,114.3562,-207.29762,45.00191,-458.0149,-502.6675,-585.3008,851.3551,1008.05475,1006.986,11.2,11.1,11.0,63.0,31.0,63.0
367,113.44449,-211.03218,42.896774,-440.26593,-495.53165,-572.5749,851.6794,1005.44763,1006.71515,11.6,11.5,10.6,63.0,31.0,63.0
368,111.62471,-215.39224,40.239,-423.38525,-488.99493,-560.0033,852.2058,1003.5129,1006.5049,11.1,11.5,10.6,63.0,31.0,63.0
369,108.6384,-220.3382,36.956898,-407.049,-483.58823,-547.89716,853.10803,1002.62854,1006.63666,11.400001,11.2,10.1,63.0,31.0,63.0
370,104.49657,-225.73703,32.70811,-391.63934,-479.06595,-536.0215,854.29675,1003.0226,1007.11115,11.400001,11.5,11.1,63.0,31.0,31.0
371,99.21116,-231.64902,27.737324,-377.48883,-475.4365,-524.1979,855.63403,1004.0915,1007.68207,11.5,11.5,11.0,63.0,31.0,31.0
372,92.730804,-237.87828,22.44787,-364.01428,-472.6004,-512.54846,857.0532,1004.88196,1008.4072,11.5,11.900001,11.0,63.0,31.0,31.0
373,85.21334,-244.40137,17.00195,-350.63892,-470.49823,-501.18848,858.3075,1004.9182,1009.3035,11.5,11.7,10.7,63.0,31.0,31.0
374,76.73415,-251.1319,11.499904,-337.72675,-469.2861,-489.99255,858.9534,1004.2072,1010.0962,11.5,11.5,10.900001,63.0,31.0,31.0
375,67.19405,-257.59943,5.902916,-325.8542,-468.88657,-478.95847,858.94727,1003.0756,1010.83386,11.6,11.400001,10.6,63.0,31.0,31.0
376,56.36583,-263.67026,0.24717028,-314.27457,-468.78345,-468.4124,859.0405,1002.18164,1011.68585,11.5,11.6,10.900001,63.0,31.0,31.0
377,44.75622,-269.63852,-5.615179,-303.67624,-469.0316,-457.87134,859.40674,1001.75464,1012.77484,9.400001,11.6,10.6,63.0,31.0,31.0
378,32.535133,-275.60056,-11.969246,-295.8971,-470.2848,-447.0584,859.08057,1001.4374,1014.18835,8.6,11.2,10.400001,63.0,31.0,31.0
379,18.920774,-281.35895,-18.948761,-289.49646,-472.48996,-436.54266,858.2679,1001.4093,1015.94275,11.6,11.7,11.0,63.0,31.0,31.0
380,4.6976004,-286.89938,-26.532772,-283.32672,-475.20532,-426.2476,858.0222,1001.90356,1017.968,11.5,11.5,11.0,63.0,31.0,31.0
381,-9.639468,-292.12643,-34.663193,-278.001,-478.37613,-415.98593,858.3863,1002.6271,1020.1862,11.0,11.7,11.5,63.0,31.0,31.0
382,-24.406025,-296.79092,-43.222103,-273.2821,-481.99588,-406.19382,859.04175,1003.3739,1022.35986,11.6,11.400001,11.1,31.0,31.0,31.0
383,-39.18146,-300.9827,-51.790333,-268.8475,-485.6306,-396.69373,859.86816,1004.14716,1024.4275,11.7,11.5,12.2,31.0,31.0,31.0
384,-53.857475,-304.73038,-60.266674,-264.56537,-489.10562,-387.3951,860.9472,1004.8766,1026.7158,11.5,11.6,11.7,31.0,31.0,31.0
385,-68.41913,-308.1308,-69.066505,-260.01443,-492.60544,-379.22452,862.30334,1005.393,1028.7552,11.2,11.5,11.6,31.0,31.0,31.0
386,-83.010284,-311.3146,-78.25712,-255.39964,-496.1565,-371.70972,863.56573,1005.70276,1030.3698,11.7,11.7,12.0,31.0,31.0,31.0
387,-97.65637,-314.15588,-87.75137,-251.29213,-499.97165,-364.30264,864.6561,1005.7719,1031.8435,11.1,11.900001,11.6,31.0,31.0,31.0
388,-112.08365,-316.62088,-97.59665,-247.63847,-503.91974,-357.38214,865.6247,1005.63324,1033.0372,11.6,11.5,11.400001,31.0,31.0,31.0
389,-126.41111,-318.7847,-107.764885,-243.96552,-507.6177,-350.61676,866.32935,1005.6009,1034.1464,12.2,11.7,11.2,31.0,31.0,31.0
390,-140.79463,-320.6548,-118.205536,-240.08356,-511.21436,-343.7323,866.9513,1005.82904,1035.2112,12.2,11.7,11.400001,31.0,31.0,31.0
391,-155.21214,-322.23242,-128.57814,-236.50815,-514.80005,-337.04465,867.7141,1006.0854,1036.0688,12.2,11.900001,11.2,31.0,31.0,31.0
392,-169.07658,-323.55365,-138.71365,-230.06245,-517.9194,-330.89685,869.41736,1006.34235,1036.7544,8.900001,11.7,11.400001,31.0,31.0,31.0
393,-183.25569,-324.61502,-149.00308,-229.55057,-520.2255,-324.9353,868.1599,1006.8864,1037.5107,12.2,11.6,11.7,31.0,31.0,31.0
394,-197.14621,-325.65906,-159.44061,-226.35149,-521.99585,-318.9258,868.24475,1007.5311,1038.3223,12.400001,11.5,11.1,31.0,31.0,31.0
395,-210.87834,-326.75848,-169.6778,-222.67691,-523.4,-313.2277,868.09375,1008.0908,1038.8359,11.900001,11.400001,11.5,31.0,31.0,31.0
396,-224.48846,-327.7888,-179.94896,-218.68562,-524.48535,-307.86182,867.7138,1008.64825,1038.9987,11.900001,11.7,11.5,31.0,31.0,31.0
397,-237.93524,-328.95517,-190.57906,-214.6032,-525.3122,-302.48825,867.1267,1009.12744,1038.9406,12.0,11.900001,11.400001,31.0,31.0,31.0
398,-251.21147,-330.42755,-201.5113,-210.7745,-525.75006,-297.167,866.3513,1009.6496,1038.7236,11.900001,11.900001,11.1,31.0,31.0,31.0
399,-264.37503,-332.29364,-212.74786,-207.03946,-525.88806,-292.15515,865.38025,1010.1788,1038.1299,11.6,11.7,11.400001,31.0,31.0,31.0
400,-277.52023,-334.75464,-224.16495,-203.16136,-525.5403,-287.47238,864.1751,1010.5546,1037.1722,11.900001,11.900001,11.2,31.0,31.0,31.0
401,-290.68777,-337.8203,-235.35661,-199.3312,-524.51483,-282.97272,862.6698,1010.7813,1036.1077,11.900001,11.6,11.0,31.0,95.0,31.0
402,-303.8277,-341.0354,-246.15648,-195.39243,-523.3475,-278.3388,860.81525,1010.68945,1034.804,12.400001,12.2,11.2,31.0,95.0,31.0
