mass1_x,mass1_y,mass2_x,mass2_y
651.9053,1719.3048,407.56274,1036.3789
658.5479,1718.797,412.87244,1036.0139
665.1524,1718.1364,418.30548,1035.5742
671.87213,1717.3896,423.80502,1035.1008
678.65375,1716.5863,429.40817,1034.5735
685.53265,1715.7843,435.1496,1034.0322
692.47095,1714.8517,441.01215,1033.4133
699.53357,1713.963,446.97003,1032.787
706.59064,1712.9419,453.13782,1032.1467
713.7941,1711.9895,459.56403,1031.6403
721.07605,1711.0094,466.20706,1030.4493
728.34534,1709.8885,472.84518,1029.7987
735.65155,1708.7493,479.47675,1028.9406
742.99384,1707.5413,486.32257,1028.0144
750.4204,1706.35,493.2734,1027.0269
757.87976,1705.1484,500.38373,1025.9456
765.40485,1703.9177,507.65326,1024.8301
772.93604,1702.6285,515.05176,1023.635
780.5226,1701.343,522.5757,1022.3629
788.1628,1700.0039,530.2065,1021.0202
795.87976,1698.6595,537.948,1019.6388
803.61926,1697.3151,545.7259,1018.231
811.43945,1696.0367,553.6003,1016.79205
819.4429,1694.7191,561.5185,1015.31335
827.4744,1693.4834,569.52966,1013.7814
835.6028,1692.255,577.6342,1012.2854
843.9295,1691.1598,585.9366,1010.8453
852.3152,1690.091,594.33264,1009.4463
860.7877,1689.0459,602.9155,1008.1914
869.3854,1688.1343,611.69,1007.01624
878.03265,1687.3564,620.75385,1005.99347
886.76843,1686.6254,630.17664,1005.1047
895.59045,1685.972,639.90405,1004.2954
904.4666,1685.4631,649.9522,1003.5742
913.39777,1685.0638,660.37476,1002.93896
922.40845,1684.7673,671.06134,1002.3165
931.46466,1684.4948,682.07416,1001.6716
940.5434,1684.2817,693.3911,1001.06903
949.6365,1684.1141,704.867,1000.43494
958.7177,1683.948,716.59625,999.79596
967.78033,1683.827,728.5598,999.0956
976.89124,1683.7582,740.5665,998.4202
986.0347,1683.7957,752.50476,997.77264
995.2361,1683.973,764.3688,997.17566
1004.47003,1684.3048,776.1258,996.7141
1013.6827,1684.7218,787.7696,996.3636
1022.89404,1685.1619,799.3617,996.1356
1032.0616,1685.7579,810.8625,995.94946
1041.1896,1686.4541,822.24805,995.841
1050.3044,1687.1652,833.4004,995.78986
1059.4473,1687.966,844.1097,995.8185
1068.5765,1688.8982,854.2915,996.01526
1077.7606,1689.9855,864.01953,996.294
1087.0546,1691.2211,873.3009,996.76404
1096.4512,1692.4979,882.16974,997.3447
1106.0735,1693.8733,890.703,998.1428
1115.7505,1695.2385,899.07166,999.19666
1125.5626,1696.586,907.33777,1000.4812
1135.5647,1697.9913,915.5938,1002.0049
1145.631,1699.3668,923.8466,1003.699
1155.8192,1700.754,932.1329,1005.55914
1166.0814,1702.0549,940.6508,1007.4528
1176.33,1703.3083,949.1029,1009.39075
1186.5804,1704.564,957.6258,1011.3324
1196.7534,1705.7817,966.1309,1013.28076
1206.7526,1706.9873,974.58527,1015.18115
1216.6741,1708.103,983.03235,1017.0271
1226.4875,1709.2183,991.45325,1018.75116
1236.1797,1710.2662,999.85803,1020.37585
1245.7064,1711.2142,1007.80536,1021.91644
1255.1176,1712.0758,1016.1789,1023.16693
1264.3948,1712.8624,1024.6388,1024.2537
1273.5764,1713.5643,1033.1437,1025.1375
1282.687,1714.1274,1041.1691,1025.7786
1291.7174,1714.5538,1049.4547,1026.2429
1300.7504,1714.8209,1058.5773,1026.8337
1309.742,1714.958,1067.4326,1027.1757
1318.7817,1714.9866,1076.3052,1027.3983
1327.8383,1714.8456,1085.2487,1027.5117
1336.8954,1714.6138,1094.2219,1027.507
1345.9274,1714.2734,1103.2306,1027.459
1354.9752,1713.8531,1112.3157,1027.2837
1364.0427,1713.3363,1121.4126,1026.9973
1373.1191,1712.7498,1130.5623,1026.5474
1382.1573,1712.0646,1139.7687,1026.0004
1391.2269,1711.2803,1149.0547,1025.2715
1400.3163,1710.3965,1158.4265,1024.4052
1409.4429,1709.4552,1167.7816,1023.379
1418.6145,1708.439,1177.2614,1022.25366
1427.8378,1707.3707,1186.7858,1021.01935
1437.0963,1706.2623,1196.3969,1019.649
1446.3875,1705.1174,1206.0483,1018.1515
1455.7151,1703.9716,1216.2432,1016.691
1465.0963,1702.8148,1226.1097,1015.16235
1474.4764,1701.7057,1236.1267,1013.4835
1483.8566,1700.6305,1246.2274,1011.79504
1493.258,1699.6196,1256.4061,1010.1049
1502.6343,1698.6067,1266.6401,1008.33997
1512.0531,1697.6199,1277.782,1006.3779
1521.4286,1696.6462,1288.957,1004.6673
1530.8818,1695.7378,1300.3899,1003.06775
1540.377,1694.8711,1312.6497,1001.4989
1549.8041,1694.0752,1324.05,1000.14954
1559.2642,1693.3328,1336.1691,998.8747
1568.6655,1692.657,1349.0276,997.7217
1577.9711,1692.0576,1361.4518,996.6653
1587.1921,1691.5277,1373.9608,995.6215
1596.3184,1691.0709,1386.641,994.60333
1605.2825,1690.6306,1399.556,993.552
1614.1263,1690.1495,1412.6937,992.46814
1622.8807,1689.7008,1425.9955,991.4107
1631.5498,1689.34,1439.3782,990.49194
1640.1196,1689.0303,1452.6915,989.78265
1648.6195,1688.8309,1465.2911,989.41406
1657.0963,1688.8593,1477.7162,989.41534
1665.4895,1689.153,1489.5396,990.1127
1673.8248,1689.6244,1500.2268,991.4949
1682.1648,1690.3242,1510.4401,993.572
1690.5079,1691.2355,1519.9658,995.72894
1698.8519,1692.3052,1528.8749,997.6979
1707.2107,1693.488,1537.3088,999.20795
1715.5779,1694.7511,1545.3801,1000.2806
1723.9902,1696.0309,1553.2352,1001.0642
1732.458,1697.4,1561.0011,1001.8221
1740.8885,1698.8099,1568.8467,1002.68823
1749.3691,1700.2225,1576.877,1003.77014
1757.8263,1701.6519,1585.4667,1005.13086
1766.189,1703.1583,1593.8901,1006.3449
1774.4943,1704.7211,1600.9998,1007.7467
1782.707,1706.2559,1609.1366,1008.969
1790.8146,1707.8228,1617.2155,1010.2168
1798.7958,1709.4412,1624.6953,1011.6615
1806.647,1711.1177,1631.925,1013.2119
1814.4081,1712.7712,1639.2324,1014.62573
1822.0494,1714.411,1646.4594,1016.01715
1829.5792,1716.0211,1653.5934,1017.41504
1836.9872,1717.5159,1660.6884,1018.6988
1844.3163,1718.8743,1667.7683,1019.84357
1851.5033,1720.1337,1674.7465,1020.8913
1858.6251,1721.312,1681.7183,1021.8674
1865.6648,1722.3468,1688.5737,1022.70245
1872.606,1723.1644,1695.3463,1023.37445
1879.5143,1723.88,1702.1322,1023.871
1886.3713,1724.4307,1708.8014,1024.2552
1893.2136,1724.8588,1715.4401,1024.4727
1900.0381,1725.1575,1721.9231,1024.5402
1906.8488,1725.3556,1728.3986,1024.543
1913.6117,1725.4381,1734.8236,1024.5505
1920.4689,1725.3795,1741.2065,1024.4753
1927.2971,1725.1726,1747.5958,1024.348
1934.2117,1724.9335,1753.9158,1024.2339
1941.1248,1724.5939,1760.3206,1024.1301
1948.0571,1724.1339,1766.7249,1023.9068
1955.0154,1723.6168,1773.1221,1023.68835
1962.0121,1723.0098,1779.562,1023.4694
1969.0033,1722.3955,1786.0751,1023.32574
1976.0778,1721.6757,1792.5958,1023.07404
1983.1138,1720.9705,1799.241,1022.8427
1990.2528,1720.225,1805.9323,1022.61084
1997.341,1719.4478,1812.752,1022.3133
2004.435,1718.6381,1819.5773,1021.94434
2011.564,1717.9291,1826.5504,1021.55774
2018.7263,1717.1774,1833.5874,1021.2053
2025.8975,1716.3712,1840.6876,1020.80786
2033.0247,1715.4877,1847.9064,1020.4097
2040.244,1714.6401,1855.219,1020.06494
2047.4806,1713.7515,1862.6945,1019.7669
2054.7627,1712.796,1870.2119,1019.48505
2062.1306,1711.8596,1877.9033,1019.1429
2069.509,1710.8811,1885.6361,1018.8528
2076.9233,1709.9076,1893.4753,1018.61127
2084.4443,1708.9596,1901.4357,1018.3428
2091.965,1707.9944,1909.5664,1018.0914
2099.5535,1706.9935,1917.8357,1017.8724
2107.1624,1706.0085,1926.2451,1017.7503
2114.7556,1705.0752,1934.8029,1017.6356
2122.3242,1704.0188,1943.4705,1017.53326
2129.8425,1702.9967,1952.2814,1017.38324
2137.363,1702.0284,1961.235,1017.2153
2144.7837,1700.9783,1970.2434,1016.9694
2151.8716,1699.3234,1979.3325,1016.6799
2159.0813,1698.3262,1987.1165,1016.49963
2166.2666,1697.2616,1996.4255,1015.9427
2173.3489,1696.1832,2005.8105,1015.2342
2180.3398,1695.0348,2015.3794,1014.422
2187.2942,1693.7825,2025.0516,1013.5009
2194.108,1692.5762,2034.893,1012.43005
2200.8657,1691.1898,2044.6246,1011.4289
2207.5784,1689.5869,2054.7615,1010.0426
2214.283,1687.843,2065.0176,1008.5376
2220.9568,1685.9431,2075.273,1006.883
2227.6252,1684.0518,2085.442,1005.09326
2234.2659,1682.2142,2095.4429,1003.22473
2240.8464,1680.5114,2105.0815,1001.30536
2247.356,1678.8528,2114.3193,999.3726
2253.8826,1677.3025,2122.9834,997.5298
2260.3245,1675.8796,2131.1953,995.9155
2266.7224,1674.5602,2139.0276,994.6251
2273.1812,1673.3008,2146.6572,993.60077
2279.5457,1672.1531,2154.1145,992.8375
2285.832,1671.2435,2161.4822,992.253
2292.0625,1670.5149,2168.708,991.89307
2298.1528,1669.7823,2175.8877,991.7036
2304.3567,1669.4319,2183.1343,991.653
2310.4834,1669.544,2190.3281,991.902
2316.6013,1668.9379,2197.4106,992.4331
2322.6328,1669.1462,2204.4048,993.2252
2328.593,1669.4973,2211.3438,994.2105
2334.3918,1669.9421,2218.1018,995.48065
2340.0886,1670.5492,2224.7563,997.0575
2345.6677,1671.226,2231.2761,998.7618
2351.0906,1671.9961,2237.639,1000.6243
2356.3826,1672.9056,2243.8455,1002.6781
2361.5469,1673.9622,2249.9543,1004.79596
2366.5674,1675.0272,2255.9324,1007.0041
2371.4443,1676.2305,2261.8765,1009.2426
2376.2393,1677.5585,2267.727,1011.54333
2380.8977,1678.9583,2273.455,1013.8665
2385.468,1680.4207,2279.114,1016.1523
2389.9282,1681.9722,2284.665,1018.44617
2394.2295,1683.5372,2289.8071,1020.86615
2398.359,1685.1228,2295.354,1023.19
2402.3215,1686.7411,2300.657,1025.2074
2406.1384,1688.3447,2305.861,1027.2522
2409.7825,1689.983,2311.013,1029.3126
2413.2993,1691.5969,2316.1157,1031.2822
2416.633,1693.2046,2321.1323,1033.1824
2419.8823,1694.7065,2326.0984,1035.0696
2423.0212,1696.1056,2330.8796,1036.9463
2426.028,1697.3942,2335.5693,1038.7638
2428.8674,1698.5911,2339.8342,1040.563
2431.5774,1699.6918,2344.1704,1042.4402
2434.143,1700.7288,2348.4258,1043.8722
2436.592,1701.7251,2352.5842,1045.2332
2438.9417,1702.667,2356.7502,1046.5236
2441.1921,1703.5024,2360.7996,1047.6494
2443.409,1704.3357,2364.7747,1048.6144
2445.5938,1705.0203,2368.7498,1049.552
2447.799,1705.6578,2373.0737,1049.53
2449.9878,1706.24,2376.4602,1050.8002
2452.175,1706.7837,2380.404,1051.2832
2454.4016,1707.2432,2384.412,1051.4214
2456.657,1707.7028,2388.2456,1051.2567
2458.9382,1708.0759,2391.5972,1050.5706
2461.2666,1708.3359,2395.211,1049.6622
2463.564,1708.3909,2398.9,1048.5098
2465.8462,1708.3986,2402.524,1047.1124
2468.053,1708.2689,2406.0823,1045.513
2470.1084,1708.0022,2409.6504,1043.767
2472.1013,1707.636,2413.147,1041.8555
2473.9285,1707.1255,2416.5488,1039.6829
2475.592,1706.4657,2419.9558,1037.2982
2477.119,1705.7028,2423.2986,1034.611
2478.4893,1704.9045,2426.5483,1031.8046
2479.5894,1704.2162,2429.6528,1028.9615
2480.3838,1703.8954,2432.646,1026.4154
2480.8472,1703.8274,2435.7349,1024.6119
2481.2473,1703.7706,2439.112,1023.89874
2481.694,1703.7576,2442.8982,1024.1738
2482.2397,1703.7311,2446.7173,1024.7169
2482.8386,1703.5881,2449.8406,1024.9435
2483.455,1703.3185,2452.7751,1024.2139
2484.001,1702.9594,2455.3567,1024.2048
2484.4646,1702.4541,2457.5327,1024.0408
2484.908,1701.9615,2459.3962,1023.7518
2485.4265,1701.4904,2461.1726,1023.3741
2485.9688,1701.043,2462.601,1023.078
2486.6785,1700.635,2463.0513,1023.79266
2487.5972,1700.2998,2464.163,1023.8235
2488.7585,1700.0967,2465.2954,1024.0253
2490.2207,1699.9966,2466.328,1024.1792
2491.9773,1700.1542,2467.3352,1024.6448
2494.0994,1700.4462,2468.2515,1025.2498
2496.4976,1700.9004,2469.1616,1025.9021
2499.254,1701.3793,2470.0125,1026.5227
2502.2336,1701.8889,2470.8076,1027.0608
2505.516,1702.5414,2471.4978,1027.2457
2508.9265,1703.0048,2472.1729,1027.4774
2512.5337,1703.4386,2472.8057,1027.662
2516.3123,1703.6917,2473.25,1027.733
2520.1826,1703.9689,2473.672,1027.6649
2524.1765,1703.8063,2474.0796,1027.4967
2528.2542,1703.4854,2474.4585,1027.2233
2532.384,1702.7878,2474.8162,1026.8878
2536.512,1701.6561,2475.1243,1026.3768
2540.6182,1700.1063,2475.4275,1025.7343
2544.6663,1698.085,2475.7148,1024.9056
2548.5798,1695.9309,2475.911,1023.53345
2552.383,1693.2822,2476.1038,1022.2157
2556.0334,1690.1586,2476.1077,1020.5963
2559.6123,1686.4532,2476.1304,1018.63306
2563.2017,1682.0801,2476.1506,1016.27405
2566.731,1676.9489,2476.1064,1013.4488
2570.2566,1671.1779,2476.2,1009.98364
2573.6824,1664.7968,2476.3523,1005.94727
2576.9524,1657.9867,2476.644,1001.2903
2580.071,1650.5973,2477.1387,996.0906
2583.0417,1642.98,2477.672,990.49414
2585.7742,1635.1498,2478.1504,984.7844
2588.1616,1627.1599,2478.2664,979.23926
2590.2068,1619.0353,2477.9756,973.8616
2591.829,1610.6782,2477.431,968.8571
2593.0723,1602.2163,2476.749,964.3714
2593.8728,1593.5177,2476.2422,960.5135
2594.1702,1584.7444,2475.8958,957.1657
2593.8083,1575.8218,2476.0625,953.6591
2592.947,1566.8757,2476.5571,950.1601
2591.5278,1557.9536,2477.381,946.54736
2589.5195,1549.0702,2478.3386,942.931
2586.806,1540.3201,2479.3967,939.42126
2583.1765,1531.5514,2480.384,935.94165
2578.7036,1522.243,2481.306,932.494
2573.7449,1513.4257,2482.1511,929.0643
2567.0178,1505.3579,2482.9143,925.63574
2558.4167,1498.078,2483.624,922.1155
2549.3003,1491.3429,2484.2407,918.4974
2539.3083,1484.0312,2484.8667,914.7748
2528.3264,1476.8008,2485.4104,910.934
2516.45,1469.6953,2485.7666,906.952
2503.6711,1462.808,2485.906,902.89526
2490.103,1456.0948,2485.8406,898.7773
2475.8948,1449.6549,2485.6184,894.6203
2461.1106,1443.4258,2485.2898,890.42487
2445.8667,1437.4066,2484.8604,886.1934
2430.2195,1431.57,2484.394,881.86945
2414.1472,1425.7899,2483.8645,877.42474
2397.6133,1420.0609,2483.194,872.9178
2380.626,1414.3383,2482.3633,868.3425
2363.1445,1408.5385,2481.303,863.7727
2345.171,1402.6948,2480.0085,859.1685
2326.827,1396.7358,2478.5232,854.60297
2308.1943,1390.6158,2476.9417,850.08154
2289.37,1384.1594,2475.2249,845.6611
2270.2288,1377.684,2473.3994,841.25934
2250.8462,1370.9768,2471.4617,836.8854
2231.1982,1363.9204,2469.3115,832.5177
2211.4062,1356.5046,2466.9734,828.1961
2191.4668,1348.6344,2464.4001,823.94806
2171.4497,1340.4504,2461.6511,819.7674
2151.3591,1331.9014,2458.7961,815.6727
2131.1375,1323.1335,2456.144,811.59906
2110.1948,1314.4694,2453.133,807.9792
2090.0642,1305.214,2450.2417,804.1435
2069.9084,1295.5289,2447.3518,800.33136
2049.7666,1285.4777,2444.4473,796.7239
2029.5754,1275.0117,2441.528,793.23193
2009.317,1264.0989,2438.571,789.973
1989.0635,1252.7363,2435.477,786.9597
1968.851,1240.9009,2432.3108,784.3126
1948.8237,1228.5897,2429.12,782.1079
1929.0667,1215.6359,2425.7598,780.32074
1909.7097,1202.1432,2422.5776,779.0652
1890.7302,1187.8953,2419.18,778.26263
1872.2072,1173.0452,2415.6323,777.98035
1854.8336,1157.7142,2411.8757,778.1641
1837.6183,1141.7925,2407.842,778.82806
1821.0482,1125.2916,2403.283,780.345
1805.2214,1108.3583,2398.2725,781.9544
1790.2046,1090.9044,2392.789,783.77344
1776.1132,1072.987,2386.7456,786.0255
1762.9956,1054.6412,2380.1812,788.75793
1750.5764,1036.3268,2372.952,791.9619
1738.9485,1017.8383,2365.0203,795.5626
1728.031,999.2198,2356.3892,799.311
1717.7675,980.5236,2346.9658,803.0742
1708.107,961.729,2336.688,806.9279
1698.9844,942.82324,2325.7437,810.8293
1690.5099,923.7593,2314.2266,814.7772
1682.722,904.565,2302.2832,818.7698
1675.6095,885.2288,2290.0525,822.69794
1669.0413,865.7803,2277.5862,826.5679
1662.6388,846.4314,2264.8838,830.23175
1656.6235,827.1574,2251.8157,833.80756
1651.2343,808.04535,2238.4624,837.01105
1645.6497,789.07855,2224.6836,839.69135
1640.171,770.309,2210.549,841.70355
1634.8304,751.8792,2195.9673,843.26483
1629.4681,733.843,2181.1516,844.31116
1624.182,716.1219,2166.0886,845.0216
1619.117,698.6624,2150.9607,845.4775
1614.3112,681.3587,2135.8901,845.8042
1609.9948,664.2019,2120.9292,846.0518
1606.2809,647.3219,2106.1396,846.05817
1603.1221,630.7769,2091.692,845.8968
1600.4275,614.498,2077.5874,845.5718
1598.245,598.4767,2063.9404,845.34485
1596.4957,582.7492,2050.6433,845.3
1595.3539,567.0761,2037.7123,845.8719
1594.9235,551.866,2025.1262,847.1396
1595.083,537.09814,2012.6361,849.59076
1595.8673,522.8432,2000.1855,853.39
1597.2612,509.02948,1987.6414,858.78424
1599.6948,495.79938,1974.9346,865.66003
1603.1632,483.35437,1962.2828,873.4328
1607.3818,471.8556,1949.8148,881.33954
1611.9078,461.56717,1937.5251,888.8544
1616.1624,452.88794,1925.5232,895.81085
1619.859,445.7464,1913.7537,902.17914
1623.0316,439.79324,1902.464,907.74396
1625.8934,434.775,1891.6965,912.5261
1628.5775,430.4593,1881.3026,916.5349
1631.1205,426.63208,1871.0806,919.7748
1633.4662,423.123,1860.8857,922.13324
1635.5042,419.9461,1850.549,923.9352
1637.0712,417.05188,1840.0659,925.5178
1638.3162,414.3648,1829.3561,927.1015
1639.5485,411.64304,1818.4125,928.98267
1641.0116,408.76245,1806.9059,931.42816
1642.8335,405.58258,1794.6096,934.3632
1644.9395,401.9354,1781.5255,937.311
1647.1864,397.79315,1767.9742,939.947
1649.3792,393.45956,1754.1263,942.08966
1651.3832,389.24368,1740.1165,943.47504
1653.3506,386.00513,1726.2908,943.8095
1654.8837,382.05435,1712.8417,943.1566
1656.0864,378.20685,1699.8574,941.8583
1656.8821,374.44806,1687.3862,940.1332
1657.0317,370.6603,1675.4397,938.05054
1656.6626,366.79047,1663.9697,935.76685
1655.7961,362.8436,1652.9834,933.5034
1654.6359,358.8066,1642.5243,931.5995
1653.332,354.78598,1632.5001,929.94464
1652.0659,351.07098,1623.2412,929.5454
1650.7551,347.9419,1614.3854,929.4438
1649.2179,345.55984,1605.9746,929.7391
1647.2487,343.63763,1598.0198,930.17194
1644.8622,341.9196,1590.5449,930.70447
1642.0085,340.52722,1583.479,931.4579
1638.7955,339.4745,1577.0146,932.65283
1635.2789,338.8446,1570.6705,934.2866
1631.476,338.54657,1564.6432,936.3116
1627.5674,338.53412,1558.98,938.7899
1623.5469,338.66632,1553.6497,941.81824
1619.5333,339.06128,1548.5903,945.3766
1615.4478,339.71347,1543.6531,949.4651
1611.3126,340.60016,1538.6758,954.0025
1607.1309,341.67816,1533.6495,958.9287
1603.038,342.8058,1528.4733,963.83887
1599.1117,343.91364,1523.0612,968.8761
1595.3983,345.07245,1517.1882,973.8852
1591.821,346.42123,1510.7765,978.82025
1588.4907,348.05795,1503.8373,983.725
1585.4956,350.0514,1496.4197,988.3337
1582.8926,352.2971,1488.6083,992.917
1580.6915,354.70132,1480.4768,997.7126
1578.8011,357.094,1472.0895,1002.6324
1577.171,359.49234,1463.3654,1007.66095
1575.63,361.94336,1454.1725,1012.69855
1574.216,364.43057,1444.4563,1017.5647
1572.8342,366.97635,1434.262,1022.1896
1571.5223,369.5988,1423.6082,1026.5457
1570.2202,372.3438,1412.377,1030.5503
1568.9888,375.2484,1400.6196,1034.0826
1567.9478,378.24713,1388.3995,1037.1926
1567.078,381.3735,1375.7808,1039.8464
1566.2795,384.67334,1362.8684,1042.1614
1565.6138,388.02994,1349.5973,1043.5713
1565.0671,391.45905,1336.2424,1044.3196
1564.6829,395.0235,1322.9651,1044.5698
1564.5687,398.74966,1309.9108,1044.2775
1564.8549,402.78177,1297.1299,1043.5619
1565.4829,407.0686,1284.6849,1042.4392
1566.4915,411.62628,1272.7139,1040.9595
1567.63,416.39362,1260.9254,1039.0056
1568.828,421.19217,1249.1421,1036.6324
1570.2291,426.3138,1237.3585,1033.9037
1571.8708,431.85242,1225.2898,1030.8281
1573.9906,437.94965,1212.8127,1027.3774
1576.7,444.6834,1199.7557,1023.5663
1580.0608,452.00504,1186.1493,1019.2656
1583.9467,459.911,1172.1714,1014.72064
1588.1979,468.2391,1158.2632,1010.44867
1592.5531,477.13126,1144.8033,1006.6644
1596.7643,486.9988,1131.8668,1003.5381
1600.4758,498.10828,1119.6536,1001.06635
1603.9098,510.07166,1108.1171,999.33984
1607.2134,522.66266,1096.8164,998.2391
1609.8246,536.0835,1085.3132,997.8285
1611.6555,551.1421,1073.4939,998.26215
1612.668,566.92633,1061.29,999.63666
1612.8444,582.9344,1048.4888,1001.50336
1612.3236,599.05304,1035.0363,1003.5868
1611.2749,615.17084,1020.9137,1005.98987
1609.7123,631.345,1006.0995,1008.4931
1607.8004,647.6586,990.8247,1010.8941
1605.5575,664.4677,975.1841,1013.30585
1603.0094,681.6085,959.25903,1015.5448
1600.4606,699.1889,943.2237,1017.3364
1597.468,717.76117,927.0959,1018.88873
1593.8202,737.56824,910.9585,1020.25885
1589.6604,758.1521,894.8914,1021.75854
1585.0851,779.445,879.03894,1022.55774
1579.9668,801.637,863.43,1023.0048
1574.2356,824.8576,848.02014,1023.38214
1568.0203,848.818,832.8049,1023.4716
1561.2008,873.33844,817.8009,1023.0741
1553.5724,898.39636,803.01154,1022.4397
1545.0308,923.75934,788.4638,1021.8883
1535.4377,949.1013,774.22565,1020.90247
1525.1245,974.3958,760.39087,1019.4724
1513.6534,999.6488,747.07587,1017.71155
1501.2125,1024.8698,734.2743,1015.74066
1487.7942,1049.9093,722.0707,1013.8
1473.3651,1074.6987,710.49634,1011.80865
1457.9196,1099.2678,699.3323,1009.7821
1441.4058,1123.522,688.5261,1007.62036
1423.8466,1147.5021,678.0557,1005.275
1405.3136,1171.1776,667.81775,1002.9163
1386.3502,1194.813,657.8308,1000.62085
1366.3904,1218.001,648.1788,998.38934
1345.6564,1240.381,638.8973,996.3318
1324.3033,1261.9989,630.0995,994.59064
1302.4155,1282.9332,621.6509,993.6115
1280.2891,1303.6523,613.30853,994.05457
1258.9073,1324.5988,605.9571,994.85455
1238.1342,1345.2323,600.3665,996.538
1217.0023,1364.7085,596.58405,999.25867
1195.2869,1382.8848,593.44293,1002.42737
1172.8622,1400.1398,589.9706,1005.9344
1149.489,1416.5452,586.0254,1009.9051
1125.5289,1431.7758,581.81,1013.2415
1101.8062,1446.1157,577.43964,1015.36865
1078.0486,1459.9619,572.8598,1017.44556
1054.5828,1473.0468,568.0011,1019.5012
1031.1047,1485.7003,562.7639,1021.59454
1008.0845,1497.6134,557.4934,1023.3959
985.4657,1509.0984,552.61664,1024.8794
963.44727,1520.069,548.2558,1026.0283
941.9083,1530.5199,544.36786,1026.9172
920.9257,1540.6156,540.8784,1027.8488
900.4518,1550.5814,537.66046,1029.1704
880.37384,1560.2358,534.7167,1030.8215
860.71967,1569.3728,532.10425,1032.4119
841.40955,1577.8643,529.7331,1033.8176
822.53046,1585.6047,527.4444,1035.0153
803.8758,1592.8097,525.15106,1035.9658
786.1238,1599.5837,522.7391,1036.5806
769.13104,1605.7694,520.2203,1037.0533
753.0864,1611.9879,517.6534,1037.4221
737.45667,1617.7437,515.23395,1037.4348
722.49005,1622.7087,512.8825,1037.053
708.3255,1626.9945,510.6242,1036.5948
694.91174,1630.6748,508.34137,1036.2358
682.5036,1634.0891,505.9334,1035.8848
670.96094,1637.3354,503.60754,1035.6816
660.26874,1640.4766,502.13333,1035.0647
650.426,1643.3981,500.43958,1034.5697
641.2743,1646.2238,498.87665,1034.1669
632.8418,1648.9214,497.46616,1034.0023
624.97577,1651.6107,496.02823,1034.0582
617.6731,1654.1895,494.66446,1034.1743
610.88336,1656.606,493.4308,1034.1012
604.70795,1658.8198,492.3615,1033.9053
599.11005,1660.8784,491.47815,1033.6791
594.0266,1662.8981,490.64862,1033.5024
589.42065,1664.798,490.0066,1033.3994
585.3031,1666.5734,489.6051,1033.3358
581.7029,1668.1115,489.4201,1033.2045
578.586,1669.432,489.46863,1032.9031
576.0565,1670.5596,489.8065,1032.6053
574.0715,1671.5055,490.50235,1032.271
572.60004,1672.3754,491.45966,1032.0299
571.6629,1673.1488,492.61844,1031.377
571.247,1673.7069,494.29602,1030.8303
571.284,1674.1129,496.27527,1030.0175
571.77496,1674.3042,498.478,1029.021
572.7333,1674.3059,500.85602,1027.8787
574.16833,1674.0762,503.3527,1026.7528
575.99835,1673.7549,505.9529,1025.6418
578.20264,1673.319,508.7874,1024.4695
580.73364,1672.8209,511.7254,1023.21295
583.55084,1672.3175,514.7341,1022.001
586.56055,1671.9423,517.7342,1020.88446
589.73474,1671.7164,520.66345,1019.8667
593.0814,1671.5945,523.52057,1019.01294
596.5947,1671.5624,526.34973,1018.49133
600.3631,1671.5883,529.0297,1017.90985
604.3434,1671.6908,531.777,1017.6083
608.49097,1671.8613,534.6893,1017.56415
612.74396,1672.1422,537.7419,1017.71606
617.0707,1672.4984,541.0108,1018.1117
621.3708,1672.8833,544.55585,1018.5765
625.6999,1673.2714,548.3512,1019.04724
630.04974,1673.6323,552.2501,1019.6752
634.3771,1673.9698,556.2569,1020.4164
638.6859,1674.25,560.2624,1021.27155
642.88654,1674.503,564.1871,1022.0962
647.0437,1674.739,567.97156,1022.971
651.12787,1674.8835,571.4918,1023.76825
655.09406,1674.9244,574.7115,1024.5902
658.9901,1674.8289,577.58685,1025.4995
662.82153,1674.6206,580.12616,1026.5568
666.49603,1674.2528,582.41815,1027.7062
670.0516,1673.7609,584.50714,1028.8202
673.3817,1673.1918,586.4013,1029.9573
676.4949,1672.5334,588.14307,1031.0969
679.31866,1671.8281,589.7447,1032.2863
681.88,1670.98,591.08405,1033.4498
684.1576,1670.1154,592.1199,1034.5282
686.17645,1669.1667,593.01276,1035.6718
687.9201,1668.0997,593.69574,1036.7112
689.40546,1666.9095,594.2292,1037.6459
690.699,1665.6024,594.6528,1038.553
691.7739,1664.1818,595.01306,1039.3405
692.58167,1662.5983,595.36896,1040.0559
693.1129,1660.8584,595.76843,1040.6711
693.28577,1658.9907,596.0527,1041.0312
693.0625,1656.9528,596.4179,1041.3202
692.4239,1654.7853,596.7099,1041.6833
691.33405,1652.4794,596.8672,1041.9222
689.8555,1650.0516,596.8871,1042.0306
687.9179,1647.4563,596.9262,1041.9406
685.53656,1644.7134,596.8621,1041.6824
682.7461,1641.7955,596.7165,1041.2694
679.4825,1638.6812,596.50616,1040.7665
675.6828,1635.397,596.18286,1040.0863
671.34875,1631.913,595.7141,1039.2526
666.47876,1628.3429,595.0997,1038.2233
661.0476,1624.6769,594.42334,1036.9851
655.0812,1621.0271,593.64886,1035.4889
648.54,1617.3732,592.844,1033.7753
641.3752,1613.7505,591.9762,1031.9148
633.6683,1610.1874,591.1407,1029.8381
625.3994,1606.6221,590.268,1027.5144
616.54724,1603.0505,589.39764,1025.0079
607.1347,1599.5468,588.4592,1022.32495
597.1314,1596.0294,587.4234,1019.485
586.58264,1592.4824,586.2438,1016.5215
575.44543,1588.953,584.8566,1013.397
563.7941,1585.405,583.354,1010.17065
551.65393,1581.898,581.8179,1006.85645
539.111,1578.3829,580.42444,1003.32764
526.13416,1574.8682,578.96686,999.51483
512.777,1571.3755,577.5842,995.5476
499.03128,1567.8088,576.2189,991.4303
484.87076,1564.1394,574.80664,987.1669
470.318,1560.2722,573.31976,982.7756
455.3688,1556.2448,571.7334,978.1884
439.9972,1552.0592,569.86615,973.38446
424.27075,1547.6302,568.2117,968.5412
408.151,1543.0087,566.524,963.5996
391.74408,1538.2751,564.86743,958.63275
375.0145,1533.324,563.34515,953.64514
358.05106,1528.0568,561.9056,948.6764
340.88657,1522.4105,560.572,943.5157
323.4936,1516.3214,559.2629,938.7795
305.9136,1509.7307,557.98773,934.01666
288.1937,1502.5739,556.705,928.9517
270.31235,1494.8923,555.43115,923.9234
252.31375,1486.763,554.12164,918.8678
234.2497,1478.1936,552.80804,913.8536
216.23836,1469.1925,551.373,908.90533
198.2805,1459.742,549.9266,904.1804
180.48662,1449.846,548.52576,899.6517
162.919,1439.4312,547.30023,895.37067
145.13998,1428.558,546.1637,891.39215
127.918846,1416.9103,545.09576,887.8734
112.50832,1404.4766,544.0439,884.42346
96.07878,1391.6086,542.9956,881.2674
80.14288,1378.0269,541.5615,877.8091
64.92668,1363.746,540.3048,875.5428
50.21884,1348.8826,538.7197,873.1815
36.036568,1333.4437,536.9122,870.73804
22.355658,1317.4668,535.16876,869.2506
9.288609,1300.8495,533.4128,868.19086
-3.1405973,1283.5896,531.6988,867.9598
-14.969195,1265.627,529.7342,867.53284
-26.325048,1247.106,527.3631,867.2881
-37.174816,1228.0981,524.6588,867.2377
-47.63799,1208.8062,521.36426,867.2485
-57.6196,1189.1761,517.3947,867.3685
-66.99415,1169.3297,512.86444,867.60474
-75.65011,1149.2919,507.6112,867.92444
-83.943344,1129.2928,501.76166,868.3751
-91.568306,1109.2719,495.3422,868.9468
-98.68525,1089.3148,488.52188,869.7203
-105.343925,1069.4941,481.4887,870.79517
-111.58904,1049.8176,474.07315,871.8686
-117.53075,1030.2532,466.21402,872.91986
-123.28215,1010.7991,458.2037,874.0997
-128.31181,991.36694,450.00775,875.5669
-133.36624,972.037,441.1405,876.94916
-138.15303,952.6915,431.70078,878.3971
-142.69875,933.3978,421.71063,879.8103
-147.12051,914.1431,411.105,881.1271
-151.58983,894.9925,399.92328,882.45135
-156.06981,875.92194,388.16513,883.19464
-160.31142,857.26917,376.17892,883.9835
-164.8391,838.4853,363.8413,884.51404
-169.41257,819.79767,351.2472,884.8306
-173.87048,801.1322,338.2728,884.84674
-178.09067,782.3864,324.987,884.72577
-182.1708,763.60565,311.4196,884.38544
-186.09486,744.8163,297.62006,883.90063
-189.86928,726.02423,283.6287,883.17224
-193.56816,707.2646,269.4386,882.16455
-197.11414,688.68665,255.13432,880.8247
-200.09825,670.3289,240.60164,878.9821
-203.03436,652.07294,226.4369,877.01294
-205.54196,634.06964,212.49171,874.8335
-207.64322,616.2831,198.8711,872.65814
-209.1237,598.6933,185.73076,870.71106
-210.11754,581.39087,173.10872,869.27344
-210.718,564.5965,160.9223,868.4557
-210.63257,548.07825,149.11163,868.39966
-209.95209,531.68964,137.5175,869.20526
-208.95996,515.51215,125.9665,871.0078
-207.5733,499.66605,114.317986,873.9164
-205.82011,484.2714,102.36746,878.0508
-203.55524,469.60303,90.11063,883.1489
-200.74875,455.90295,77.60977,888.86456
-197.60672,443.43665,64.96197,894.7183
-194.47308,432.08017,52.306217,900.09
-191.76785,421.779,39.82362,904.5341
-189.98329,412.68073,27.604532,908.04877
-189.27985,404.77606,15.824241,910.8634
-189.4435,397.8995,4.5374966,912.95233
-190.17691,391.80914,-6.2885666,914.3699
-191.02367,386.66467,-16.53324,915.21796
-192.46806,381.43533,-26.448355,915.7211
-194.0627,376.42468,-36.244038,916.1729
-195.55591,371.73627,-46.238625,916.744
-197.13791,367.25162,-56.725204,917.7346
-198.67058,362.9944,-67.92728,919.22504
-200.27408,358.69965,-79.8407,920.78625
-201.79808,354.41986,-92.33156,922.1421
-203.47523,350.1598,-105.344604,923.1724
-205.4285,345.99323,-118.53599,923.85974
-207.85982,341.9498,-131.58556,924.2152
-210.70915,338.17038,-144.185,924.4037
-213.72316,335.21988,-155.92615,924.8677
-216.74342,333.32248,-166.51999,926.02545
-219.6126,332.22137,-175.80348,927.82996
-222.23749,331.53186,-183.91438,930.1424
-224.60686,331.14923,-190.92477,932.7451
-226.92636,331.26245,-198.09573,935.19714
-229.21387,331.9048,-205.02472,938.0782
-231.48805,333.04092,-212.06326,940.7597
-233.80685,334.4851,-219.17738,943.4349
-236.25323,336.2028,-226.39542,946.031
-238.85947,338.04956,-233.5383,948.5953
-241.7603,340.05685,-240.5491,951.2201
-244.73294,342.22684,-247.3803,953.9373
-247.8488,344.58646,-253.93196,956.82794
-251.06241,347.0412,-260.17004,959.8792
-254.29848,349.39865,-266.27005,962.9354
-257.48077,351.59872,-272.18616,966.1137
-260.57446,353.53967,-278.07178,969.36017
-263.4887,355.2669,-283.94598,972.64874
-266.31747,356.97852,-289.8476,975.992
-269.08282,358.76285,-295.77637,979.4313
-271.76715,360.70618,-301.87637,982.98975
-274.4168,362.6872,-308.02173,986.572
-277.0823,364.64832,-314.27017,990.2849
-279.74765,366.60403,-320.60156,994.1725
-282.27472,368.48468,-327.24042,998.3638
-284.44916,370.26678,-334.43832,1002.56775
-286.2253,372.02017,-342.19897,1006.5081
-287.55508,373.85382,-350.44794,1010.0989
-288.19785,376.1642,-359.0451,1013.40186
-288.439,378.6704,-367.90494,1016.6047
-288.90555,381.3924,-376.7294,1019.86426
-288.9403,384.41156,-385.76056,1023.2739
-288.88507,387.5788,-394.9204,1026.7968
-288.8433,390.7615,-404.38522,1030.2344
-288.7851,393.93427,-414.36365,1033.5273
-288.78613,396.8878,-424.79526,1036.6573
-289.03772,399.4905,-435.7095,1039.4243
-289.72537,402.1888,-446.98502,1041.7694
-290.86218,404.90582,-458.54532,1043.6277
-291.91696,407.70813,-470.248,1045.0692
-292.9718,410.46814,-481.9849,1046.066
-294.39078,413.25665,-493.70578,1046.5905
-296.2884,416.2601,-505.2773,1046.9098
-298.20547,419.4013,-516.7225,1047.0778
-300.03732,422.66037,-527.8749,1047.0325
-301.68423,425.9892,-538.81647,1046.7004
-303.1448,429.28015,-549.4451,1046.0621
-304.53262,432.57928,-559.9121,1045.1349
-305.8351,435.83423,-570.37506,1043.8649
-307.05447,439.0614,-581.02325,1042.3102
-308.05368,442.56134,-591.91736,1040.4027
-308.72968,446.36017,-603.2003,1038.204
-309.0679,450.62064,-614.86774,1035.6655
-308.9891,455.15833,-626.9345,1032.7964
-308.52194,460.12396,-639.4165,1029.5155
-307.66388,465.5043,-652.29645,1025.8116
-306.4069,471.30948,-665.42584,1021.8133
-304.8275,477.5524,-678.6471,1017.78046
-303.04163,484.29175,-691.51886,1014.2427
-301.16922,491.76675,-703.76636,1011.07025
-299.4868,500.46002,-715.39056,1008.0923
-298.16922,510.4167,-725.7705,1006.2768
-297.15604,521.3423,-735.2946,1004.65814
-296.47852,532.7158,-743.9449,1004.17816
-296.29126,544.9443,-752.5641,1003.4672
-296.70663,557.72205,-761.1034,1003.4483
-297.50916,571.2409,-769.6794,1004.58234
-298.90884,585.0069,-778.39044,1006.6078
-301.10388,598.82886,-787.43567,1009.2945
-303.95514,612.50775,-797.05853,1012.4283
-307.42114,625.94055,-807.464,1015.78345
-311.4588,639.17194,-818.7284,1019.14435
-315.7292,652.3,-830.71735,1022.5418
-320.08176,665.3443,-843.2379,1025.8676
-324.08804,678.39404,-856.2183,1029.0879
-327.66162,691.9047,-869.61383,1032.086
-330.89325,706.11786,-883.3087,1034.9491
-333.6992,721.07214,-897.07166,1037.6246
-336.1245,736.715,-910.6728,1039.9595
-338.28333,752.9063,-923.85254,1041.9374
-340.2176,769.40424,-936.487,1043.5883
-341.79117,785.95233,-948.58325,1044.9419
-343.2961,802.4783,-960.30396,1045.9629
-345.06223,819.117,-971.83606,1046.6844
-346.9366,835.895,-983.20386,1047.1783
-348.95795,852.6823,-994.37976,1047.4801
-351.23032,869.2752,-1005.3946,1047.5775
-353.85303,885.64355,-1016.0701,1047.453
-356.80228,901.7731,-1026.4395,1047.1992
-360.01822,917.55835,-1036.5594,1046.8595
-363.44315,932.9433,-1046.4747,1046.3699
-367.05322,947.8263,-1056.1547,1045.831
-370.83865,962.1536,-1065.6714,1045.1409
-374.8819,975.90533,-1075.1057,1044.354
-379.25903,989.195,-1084.4805,1043.2207
-384.0318,1002.07697,-1093.5437,1042.2772
-389.09326,1014.5895,-1102.9554,1041.4038
-394.40356,1026.6431,-1112.4136,1040.6443
-399.93954,1038.2455,-1121.797,1039.8854
-405.61993,1049.3961,-1131.135,1039.2227
-411.447,1060.2196,-1140.5814,1038.3533
-417.48877,1070.7971,-1149.6107,1037.4325
-423.66663,1081.2529,-1158.6367,1036.6476
-430.0825,1091.7352,-1167.5431,1035.9443
-436.42993,1102.3838,-1176.2877,1035.2004
-443.3093,1113.1177,-1184.781,1034.4182
-450.40738,1124.1133,-1192.9293,1033.6345
-457.71603,1135.3368,-1200.7155,1033.0155
-465.2572,1146.8008,-1208.1813,1032.5533
-472.98782,1158.3827,-1215.3613,1032.2937
-480.90192,1170.1046,-1222.317,1032.2775
-488.021,1182.039,-1229.1768,1032.7537
-496.4888,1193.8535,-1235.9261,1033.2075
-505.19336,1205.7388,-1242.6821,1034.0538
-514.00085,1217.7639,-1249.5098,1035.3306
-522.932,1229.841,-1256.3081,1036.8977
-532.01794,1241.9362,-1263.018,1038.7031
-541.22577,1253.9783,-1269.5801,1040.7003
-550.4613,1265.938,-1275.9034,1043.0507
-559.7686,1277.8584,-1282.0529,1045.1586
-569.2509,1289.7764,-1288.0498,1047.2211
-579.0326,1301.7738,-1293.9203,1049.2104
-589.08154,1313.9039,-1299.7498,1051.1089
-599.2633,1326.4115,-1305.566,1052.9332
-609.88605,1338.887,-1311.4218,1054.6809
-620.9143,1351.3156,-1317.3042,1056.3318
-632.3556,1363.6492,-1323.1906,1057.9042
-644.16095,1375.812,-1329.0164,1059.36
-656.38727,1387.8323,-1334.7932,1060.7057
-669.07965,1399.6677,-1340.4175,1061.9039
-682.30585,1411.3552,-1345.7122,1062.5835
-696.13464,1422.8999,-1351.229,1063.449
-710.4869,1434.3743,-1356.7059,1064.0402
-725.4049,1445.8202,-1362.1807,1064.3813
-740.9362,1457.0464,-1367.652,1064.5201
-757.0052,1467.9716,-1373.0801,1064.2959
-773.6261,1478.6814,-1378.4597,1063.8231
-790.6789,1489.0898,-1383.7463,1063.1655
-808.15424,1499.2582,-1388.9594,1062.3455
-826.0484,1509.1201,-1394.0734,1061.5083
-844.1068,1518.6481,-1399.0696,1060.5397
-862.79065,1527.8835,-1403.9034,1059.5688
-881.9898,1536.9346,-1408.7361,1058.5295
-901.57306,1545.7788,-1413.561,1057.5497
-921.438,1554.329,-1418.3108,1056.3367
-941.54974,1562.5797,-1423.1233,1055.1073
-961.924,1570.4562,-1428.0294,1053.8094
-982.4198,1577.8816,-1432.9082,1052.4519
-1003.09546,1584.8728,-1437.873,1051.1404
-1023.92206,1591.5496,-1442.8054,1049.8246
-1044.9486,1597.9103,-1447.6726,1048.5037
-1066.0718,1603.9148,-1452.4158,1047.2045
-1087.4863,1609.4963,-1458.1909,1045.9437
-1108.836,1615.0759,-1462.2052,1044.6324
-1130.2386,1620.4064,-1466.9524,1043.5326
-1151.6774,1625.4727,-1471.829,1042.5133
-1173.01,1630.2349,-1476.7573,1041.5034
-1194.2115,1634.7349,-1481.9625,1040.4989
-1215.2666,1638.9562,-1487.2546,1039.7086
-1236.1471,1642.8691,-1492.4417,1038.8873
-1256.8085,1646.5052,-1497.6439,1038.1896
-1277.2017,1649.9215,-1502.8984,1037.563
-1297.2877,1653.0898,-1508.2725,1036.921
-1317,1656.0104,-1513.5062,1036.3472
-1336.3407,1658.8586,-1518.7992,1035.7594
-1355.1815,1661.3408,-1524.1384,1035.1229
-1373.5355,1663.5638,-1529.4387,1034.4458
-1391.3896,1665.4972,-1534.7393,1033.683
-1408.7605,1667.1652,-1539.9614,1032.862
-1425.5303,1668.849,-1545.0693,1032.0417
-1441.7755,1670.4797,-1550.0386,1031.2029
-1457.4781,1672.0729,-1554.8757,1030.469
-1472.7333,1673.7056,-1559.4813,1029.8562
-1487.46,1675.3485,-1564.0137,1029.3754
-1501.6864,1676.9763,-1568.408,1029.1023
-1515.4082,1678.6085,-1572.6741,1028.9465
-1528.595,1680.2278,-1576.7848,1028.9302
-1541.4448,1681.966,-1580.8091,1029.019
-1553.697,1683.5938,-1584.6511,1029.1864
-1565.5067,1685.2249,-1588.3489,1029.4404
-1576.8651,1686.8262,-1591.8514,1029.7241
-1587.9204,1688.4932,-1595.1302,1030.0028
-1598.6389,1690.1805,-1598.204,1030.2676
-1609.004,1691.8011,-1601.0245,1030.5063
-1619.125,1693.3796,-1603.6843,1030.7726
-1629.0165,1694.971,-1606.2539,1031.092
-1638.652,1696.4885,-1608.749,1031.8644
-1648.0243,1697.8993,-1611.0103,1032.3828
-1657.0922,1699.2197,-1613.1483,1032.9175
-1665.9696,1700.4834,-1614.989,1033.6504
-1674.5663,1701.6733,-1616.7472,1034.1875
-1682.9222,1702.768,-1618.3508,1034.6682
-1691.013,1703.8186,-1619.8319,1035.147
-1698.9208,1704.8248,-1621.1437,1035.59
-1706.601,1705.8433,-1622.291,1035.9637
-1714.076,1706.8505,-1623.4022,1036.3563
-1721.3384,1707.8849,-1624.4817,1036.7788
-1728.3954,1708.9098,-1625.5374,1037.1967
-1735.259,1709.9147,-1626.5841,1037.5386
-1741.9131,1710.863,-1627.6693,1037.8416
-1748.3835,1711.7379,-1628.7426,1038.0673
-1754.6912,1712.4929,-1629.8612,1038.1392
-1760.8602,1713.1174,-1630.9669,1038.0953
-1766.8733,1713.6635,-1632.1302,1037.9756
-1772.7748,1714.0798,-1633.3491,1037.7532
-1778.585,1714.389,-1634.7395,1037.4282
-1784.2908,1714.5947,-1636.2407,1037.0311
-1789.9279,1714.7273,-1637.9506,1036.5466
-1795.5116,1714.8048,-1639.9056,1036.0364
-1801.0668,1714.7847,-1642.0424,1035.5105
-1806.6277,1714.716,-1644.4424,1034.9246
-1812.1611,1714.5844,-1647.1127,1034.3683
-1817.6787,1714.3745,-1649.9124,1033.7258
-1823.2025,1714.1129,-1652.5765,1032.9392
-1828.684,1713.7557,-1655.7582,1032.1726
-1834.1783,1713.37,-1659.1011,1031.344
-1839.6505,1712.9606,-1662.5496,1030.4521
-1845.1344,1712.5264,-1666.2023,1029.4833
-1850.574,1712.0652,-1670.0316,1028.4402
-1856.0775,1711.6208,-1674.1329,1027.3982
-1861.5348,1711.143,-1678.4167,1026.2966
-1866.9594,1710.5931,-1682.9008,1025.1879
-1872.4987,1710.1484,-1687.62,1024.1287
-1877.913,1709.6202,-1692.6322,1023.0903
-1883.4014,1709.1929,-1697.8552,1022.1113
-1888.9559,1708.8162,-1703.314,1021.1675
-1894.4609,1708.3905,-1709.121,1020.2824
-1899.9711,1707.9501,-1715.1406,1019.4347
-1905.4602,1707.5164,-1721.345,1018.5365
-1910.9945,1707.0549,-1727.7081,1017.6505
-1916.5154,1706.5503,-1734.1068,1016.74554
-1922.0365,1705.9822,-1740.566,1015.728
-1927.593,1705.3634,-1746.9471,1014.48987
-1933.1755,1704.6963,-1752.9518,1013.24896
-1938.7986,1704.0436,-1759.2014,1012.54944
-1944.4899,1703.5013,-1765.3582,1011.5195
-1950.3783,1703.133,-1771.4222,1010.46356
-1956.3408,1702.7234,-1777.3552,1009.3606
-1962.3735,1702.2853,-1783.2256,1008.3663
-1968.4795,1701.8757,-1788.8977,1007.38617
-1974.5724,1701.4924,-1794.3701,1006.4185
-1980.624,1701.1652,-1799.6052,1005.5416
-1986.8197,1700.9863,-1804.527,1004.7756
-1993.0809,1700.9349,-1809.221,1004.17236
-1999.5015,1701.1184,-1813.7063,1003.7636
-2006.0568,1701.5461,-1818.1624,1003.6491
-2012.7333,1702.187,-1822.6991,1003.81464
-2019.5667,1703.0115,-1827.3137,1004.28406
-2026.597,1703.9412,-1832.1017,1005.00146
-2033.6486,1705.0399,-1837.1099,1005.9704
-2040.842,1706.2188,-1842.242,1007.1486
-2048.0752,1707.4368,-1847.467,1008.4472
-2055.3296,1708.7416,-1852.688,1009.8583
-2062.694,1710.1077,-1857.8462,1011.3524
-2069.9812,1711.4198,-1863.0051,1012.8696
-2077.268,1712.6515,-1868.1067,1014.36615
-2084.5776,1713.6221,-1873.2122,1015.8132
-2091.8762,1714.7184,-1878.2773,1017.2317
-2099.1165,1715.702,-1883.3578,1018.5889
-2106.3628,1716.5753,-1888.5203,1019.82935
-2113.504,1717.2816,-1893.6907,1020.951
-2120.6294,1717.8627,-1898.9198,1021.9252
-2127.6958,1718.2786,-1904.2063,1022.7211
-2134.6768,1718.5469,-1909.5736,1023.32666
-2141.6545,1718.6602,-1914.9945,1023.8016
-2148.6257,1718.7017,-1920.4707,1024.1886
-2155.5728,1718.5936,-1926.046,1024.4291
-2162.514,1718.4034,-1931.6726,1024.5873
-2169.4485,1718.1803,-1937.2925,1024.723
-2176.339,1717.8795,-1943.6261,1024.6683
-2183.2302,1717.4993,-1949.596,1024.7063
-2190.0364,1717.0731,-1955.6852,1024.7255
-2196.8196,1716.5815,-1961.899,1024.6805
-2203.6106,1716.0599,-1968.2781,1024.6597
-2210.3552,1715.5082,-1974.8068,1024.5435
-2217.0876,1714.8796,-1981.4498,1024.3955
-2223.7542,1714.2456,-1988.3193,1024.1588
-2230.3164,1713.5951,-1995.3674,1023.84247
-2236.7063,1712.9397,-2002.5967,1023.35846
-2242.8826,1712.2584,-2009.972,1022.7517
-2248.8958,1711.5715,-2017.582,1022.036
-2254.7114,1710.8441,-2025.5536,1021.0207
-2260.3174,1709.999,-2032.8016,1020.4587
-2265.7896,1709.1302,-2039.7429,1019.6144
-2271.0168,1708.1715,-2047.7156,1018.4965
-2276.1562,1707.1376,-2056.4624,1016.6217
-2281.0593,1706.0923,-2064.984,1014.954
-2285.87,1705.0217,-2073.6729,1013.17365
-2290.477,1703.9589,-2082.4656,1011.3145
-2294.9172,1702.9731,-2091.308,1009.4236
-2299.2578,1701.9896,-2100.1123,1007.6066
-2303.4844,1701.382,-2108.6252,1006.1626
-2306.4377,1701.764,-2116.6562,1005.6159
-2310.1028,1702.8104,-2124.7197,1006.6069
-2313.839,1704.0214,-2133.0913,1008.742
-2317.6597,1705.189,-2141.4263,1011.00305
-2321.6255,1706.1411,-2149.4692,1012.89154
-2325.5574,1706.898,-2157.2144,1014.2794
-2329.3784,1707.5608,-2164.6343,1015.30493
-2333.1511,1708.2186,-2171.8079,1016.0502
-2336.9683,1708.879,-2178.7217,1016.641
-2340.8833,1709.5902,-2185.3625,1017.10706
-2344.8176,1710.4828,-2191.9526,1017.5771
-2348.9004,1711.4669,-2198.454,1018.1382
-2353.1511,1712.5349,-2204.8984,1018.8547
-2357.4673,1713.6285,-2211.3096,1019.75244
-2361.8835,1714.8422,-2217.5286,1020.74634
-2366.427,1716.0615,-2223.6575,1021.87976
-2371.0933,1717.3344,-2229.2031,1022.7218
-2375.8645,1718.6771,-2235.3901,1023.8589
-2380.7576,1719.9929,-2241.781,1024.9819
-2385.7368,1721.3285,-2247.8708,1025.9452
-2390.773,1722.6152,-2253.857,1026.8453
-2395.9026,1723.8313,-2259.0217,1027.7327
-2401.0635,1725.0063,-2265.358,1028.3279
-2406.2566,1726.2084,-2271.6436,1028.8115
-2411.5166,1727.3416,-2277.9692,1029.2799
-2416.793,1728.4308,-2284.2803,1029.7766
-2422.3015,1729.4182,-2290.5686,1030.3658
-2427.5757,1730.4639,-2296.8008,1030.718
-2432.9956,1731.6149,-2303.1655,1031.0763
-2438.4866,1732.4214,-2309.6726,1031.3691
-2444.067,1733.1499,-2315.996,1031.6155
-2449.6753,1733.7395,-2322.4287,1031.7126
-2455.2488,1734.2451,-2328.928,1031.7378
-2460.8628,1734.7056,-2335.4575,1031.7677
-2466.3958,1735.0608,-2342.3591,1032.1172
-2471.9443,1735.2842,-2349.1738,1032.1216
-2477.4526,1735.4705,-2355.951,1031.9946
-2483.0222,1735.455,-2362.9006,1031.8972
-2488.5652,1735.3885,-2369.9,1031.7053
-2494.195,1735.1498,-2376.9731,1031.3901
-2499.8096,1734.7289,-2384.0864,1031.0494
-2505.505,1734.2487,-2391.2812,1030.6086
-2511.2117,1733.6803,-2398.5105,1030.058
-2516.9282,1733.0641,-2405.7974,1029.4624
-2522.7297,1732.3547,-2413.1963,1028.841
-2528.6074,1731.6256,-2420.6396,1028.0859
-2534.5825,1730.8645,-2428.2473,1027.5323
-2540.6213,1730.1094,-2435.9822,1026.9957
-2546.9028,1729.2843,-2443.8262,1026.5337
-2553.2563,1728.4513,-2451.8083,1026.0929
-2559.784,1727.599,-2459.8733,1025.6649
-2566.4282,1726.7086,-2468.0332,1025.1597
-2573.2058,1725.836,-2476.2424,1024.5966
-2580.1116,1724.8898,-2484.5637,1023.87714
-2587.095,1723.9308,-2493.0151,1023.0903
-2594.2173,1722.9652,-2501.571,1022.2237
-2601.5647,1721.8698,-2510.3206,1021.28156
-2609.0388,1720.7722,-2519.2434,1020.3212
-2616.6758,1719.6205,-2528.323,1019.3396
-2624.4595,1718.4768,-2537.563,1018.3926
-2632.3857,1717.1663,-2546.8818,1017.41
-2640.4368,1715.863,-2556.285,1016.43445
-2650.299,1713.7474,-2565.8313,1015.3948
-2658.9001,1712.4514,-2575.5115,1014.27167
-2667.1575,1711.0605,-2585.2842,1013.07574
-2675.5095,1709.6266,-2595.2659,1011.77893
-2683.8335,1708.2086,-2605.3108,1010.31024
-2692.1958,1706.8127,-2615.4446,1008.6912
-2700.404,1705.4579,-2625.5986,1006.94446
-2708.5007,1704.289,-2635.6658,1005.2411
-2716.5928,1703.3025,-2645.5317,1003.6226
-2724.33,1702.7631,-2655.1477,1002.20026
-2731.895,1702.6947,-2664.3574,1001.0219
-2739.2188,1702.786,-2673.0474,1000.30035
-2746.2722,1702.8496,-2681.1345,1000.159
-2752.8743,1702.807,-2688.9675,1000.71375
-2759.3157,1702.919,-2696.843,1001.7233
-2765.5537,1703.2009,-2704.7314,1003.0902
-2771.2793,1703.7035,-2712.7107,1004.8037
-2776.681,1704.388,-2720.8337,1006.7163
-2781.735,1705.2981,-2728.9797,1008.72925
-2786.763,1706.4148,-2737.164,1010.9149
-2791.391,1707.6425,-2745.2788,1013.1586
-2794.1333,1708.5901,-2753.261,1015.4325
-2798.1375,1709.8938,-2761.0615,1017.70166
-2802.1123,1711.142,-2768.5762,1019.9466
-2806.0076,1712.3851,-2775.826,1022.3569
-2809.8223,1713.5387,-2782.8188,1024.5066
-2813.5642,1714.7048,-2789.5808,1026.6936
-2817.2466,1715.7637,-2796.0955,1028.9208
-2820.901,1716.755,-2802.431,1031.0145
-2824.5273,1717.6431,-2808.641,1032.9711
-2828.0532,1718.418,-2814.5798,1034.7664
-2831.6006,1719.0726,-2820.4624,1036.3647
-2835.0881,1719.6527,-2826.1628,1037.7668
-2838.5745,1720.0707,-2831.707,1038.9514
-2842.0066,1720.3474,-2837.0283,1039.9479
-2845.4102,1720.4756,-2842.1797,1040.7595
-2848.8132,1720.5265,-2847.1013,1041.3271
-2852.2175,1720.4243,-2851.8826,1041.69
-2855.5815,1720.3029,-2856.518,1041.8986
-2858.9736,1720.1669,-2861.0356,1041.9446
-2862.3184,1720.0045,-2865.4155,1041.8776
-2865.6714,1719.8293,-2869.5493,1041.7172
-2868.9631,1719.663,-2873.473,1041.54
-2872.2039,1719.5148,-2877.3313,1041.2769
-2875.4277,1719.419,-2881.0688,1041.0135
-2878.6348,1719.2812,-2884.8013,1040.8733
-2881.7295,1719.1605,-2888.4153,1040.6055
-2884.801,1719.0211,-2892.028,1040.2833
-2887.7551,1718.9501,-2895.6885,1040.0138
-2890.6074,1718.8422,-2899.3562,1039.6935
-2893.2903,1718.713,-2903.0576,1039.3738
-2895.8948,1718.6045,-2906.7786,1039.0768
-2898.3357,1718.5432,-2910.5686,1038.8196
-2900.638,1718.4797,-2914.4502,1038.5566
-2902.7053,1718.4828,-2918.2905,1038.3904
-2904.6392,1718.5459,-2922.1128,1038.1915
-2906.4185,1718.6014,-2925.9521,1038.1527
-2908.036,1718.6825,-2929.7903,1038.3148
-2909.5303,1718.7885,-2933.4082,1038.1482
-2910.8733,1718.9363,-2936.9553,1037.8542
-2912.0715,1719.0886,-2940.4583,1037.6683
-2913.104,1719.1914,-2943.9744,1037.5869
-2913.965,1719.365,-2947.5015,1037.5826
-2914.6504,1719.4889,-2951.042,1037.6138
-2915.124,1719.6587,-2954.605,1037.7072
-2915.382,1719.8483,-2958.2139,1037.8486
-2915.466,1720.0172,-2961.8936,1038.0452
-2915.4016,1720.294,-2965.6477,1038.357
-2915.2585,1720.547,-2969.4805,1038.708
-2915.0476,1720.839,-2973.339,1039.2092
-2914.593,1721.523,-2977.2551,1039.7402
-2914.2104,1721.8773,-2981.1833,1040.2946
-2913.7483,1722.2341,-2985.073,1040.8925
-2913.2683,1722.4025,-2988.9146,1041.4609
-2912.6506,1722.6377,-2992.637,1041.9681
-2912.062,1722.6694,-2996.2266,1042.4094
-2911.4937,1722.5493,-2999.6895,1042.7219
-2910.9116,1722.4164,-3003.0303,1042.944
-2910.328,1722.283,-3006.222,1043.0193
-2909.8418,1722.0078,-3009.2307,1043.0449
-2909.3184,1721.7288,-3012.1353,1042.9829
-2908.8242,1721.504,-3014.9255,1042.9321
-2908.3628,1721.1659,-3017.9124,1043.5917
-2907.9402,1720.7686,-3020.467,1043.6095
-2907.5168,1720.3016,-3022.8008,1043.4385
-2907.137,1719.7201,-3024.988,1043.2921
-2906.7441,1719.285,-3027.0085,1043.1401
-2906.4722,1718.6865,-3028.8684,1043.0212
-2906.2693,1718.168,-3030.5762,1042.9266
-2906.1204,1717.6669,-3032.1875,1042.837
-2906.0486,1717.3033,-3033.7021,1042.7842
-2906.1252,1716.8351,-3035.1497,1042.7809
-2906.3406,1716.3635,-3036.6055,1042.8022
-2906.5696,1716.0294,-3038.078,1042.8531
-2907.1885,1715.1663,-3039.512,1042.9453
-2907.7473,1714.8418,-3040.9287,1043.0638
-2908.432,1714.554,-3042.261,1043.159
-2909.372,1714.3596,-3043.552,1043.2389
-2910.534,1714.2042,-3044.7922,1043.2987
-2911.93,1714.1152,-3045.9731,1043.324
-2913.5608,1714.054,-3047.0935,1043.3029
-2915.4011,1713.9862,-3048.1094,1043.2368
-2917.5151,1713.952,-3049.0374,1043.1365
-2919.87,1713.97,-3049.9065,1042.9712
-2922.4902,1714.0052,-3050.7,1042.771
-2925.3926,1714.0542,-3051.4158,1042.5336
-2928.6003,1714.1349,-3052.0486,1042.2695
-2931.9941,1714.207,-3052.6824,1042.0015
-2935.6484,1714.3026,-3053.256,1041.7203
-2939.553,1714.3895,-3053.6904,1041.2776
-2943.6624,1714.5134,-3054.1304,1040.9735
-2947.9229,1714.5664,-3054.5786,1040.6917
-2952.3608,1714.6567,-3055.0059,1040.4053
-2956.9736,1714.7524,-3055.4375,1040.039
-2961.6804,1714.8756,-3055.544,1039.0234
-2966.5386,1714.9086,-3055.9995,1038.7844
-2971.4785,1714.8987,-3056.407,1038.5571
-2976.598,1714.8916,-3056.7544,1038.328
-2981.7732,1714.9044,-3057.0203,1038.0865
-2987.0142,1714.8594,-3057.1636,1037.8702
-2992.3594,1714.7968,-3057.2302,1037.6421
-2997.593,1714.6588,-3057.1912,1037.4177
-3002.821,1714.3999,-3057.066,1037.2466
-3007.9214,1714.0709,-3056.803,1037.0526
-3012.9114,1713.7189,-3056.4585,1036.8392
-3017.8628,1713.3563,-3056.024,1036.6584
-3022.6633,1712.8479,-3055.483,1036.54
-3027.4023,1712.3,-3054.844,1036.4436
-3032.0032,1711.7571,-3054.1553,1036.2792
-3036.4946,1711.221,-3053.423,1036.1626
-3040.8037,1710.3525,-3052.6921,1036.0464
-3045.083,1709.5962,-3051.9944,1035.952
-3049.4663,1708.9506,-3051.359,1035.8315
-3053.452,1707.8326,-3050.8262,1035.731
-3057.5078,1706.8135,-3050.4094,1035.6969
-3061.4973,1705.7151,-3050.1865,1035.7408
-3065.2874,1704.5127,-3050.1536,1035.7183
-3069.1357,1703.4352,-3050.2747,1035.47
-3072.7224,1702.3091,-3050.4482,1035.0131
-3076.1816,1701.2231,-3050.7573,1034.5554
-3079.494,1700.0319,-3051.2656,1034.2832
-3082.612,1699.2487,-3051.7253,1034.0659
-3085.5073,1698.0957,-3052.0374,1033.9751
-3088.608,1697.7292,-3052.1582,1034.0677
-3091.6414,1696.6989,-3052.105,1034.3329
-3094.7847,1695.9196,-3052.033,1034.7579
-3097.986,1695.1831,-3051.9658,1035.2322
-3101.21,1694.515,-3052.0781,1035.6371
-3104.5005,1693.8907,-3052.3345,1036.1558
-3107.7654,1693.3136,-3052.7217,1036.6704
-3111.0842,1692.8195,-3053.3428,1037.2651
-3114.4424,1692.4307,-3054.103,1037.6786
-3117.837,1692.0491,-3054.998,1038.0211
-3121.2085,1691.7329,-3055.9421,1038.2137
-3124.5486,1691.4395,-3056.9023,1038.4169
-3127.8203,1691.1836,-3057.8884,1038.6069
-3131,1690.9957,-3058.7761,1038.7421
-3134.1128,1690.88,-3059.6667,1038.979
-3137.0664,1690.7646,-3060.436,1039.2229
-3139.9219,1690.7367,-3061.136,1039.3927
-3142.6626,1690.7074,-3061.6729,1039.473
-3145.2556,1690.6455,-3062.2183,1039.4758
-3147.7805,1690.6393,-3062.7058,1039.4778
-3150.1187,1690.5801,-3063.2234,1039.446
-3152.3748,1690.4734,-3063.746,1039.4106
-3154.537,1690.3832,-3064.2195,1039.4109
-3156.4983,1690.2496,-3064.6162,1039.4023
-3158.3386,1690.1367,-3064.9956,1039.4423
-3160.036,1689.9836,-3065.2754,1039.4563
-3161.5645,1689.8308,-3065.4885,1039.5114
-3162.9304,1689.6768,-3065.6226,1039.6073
-3164.2122,1689.5012,-3065.7258,1039.7363
-3165.3525,1689.3582,-3065.8123,1039.8574
-3166.3894,1689.1891,-3065.8718,1039.9604
-3167.338,1689.0676,-3065.9438,1040.0123
-3168.1128,1688.9401,-3066.033,1040.08
-3168.8037,1688.8926,-3066.1077,1040.1321
-3169.337,1688.831,-3066.1672,1040.1444
-3169.772,1688.7896,-3066.251,1040.2065
-3170.0352,1688.7329,-3066.2422,1040.2913
-3170.1929,1688.676,-3066.2134,1040.4075
-3170.2095,1688.6364,-3066.1025,1040.5703
-3170.1108,1688.634,-3065.935,1040.7018
-3169.9043,1688.6678,-3065.7073,1040.8567
-3169.5547,1688.6967,-3065.4336,1040.9977
-3169.1565,1688.8182,-3065.0657,1041.1588
-3168.6777,1688.939,-3064.633,1041.3138
-3168.0989,1689.1008,-3064.1528,1041.4602
-3167.4617,1689.2997,-3063.5862,1041.6216
-3166.78,1689.5007,-3062.9226,1041.7808
-3165.973,1689.701,-3062.2275,1041.9404
-3165.1108,1689.8895,-3061.4648,1042.088
-3164.1672,1690.1061,-3060.6772,1042.2456
-3163.1238,1690.3315,-3059.837,1042.411
-3162.0378,1690.5846,-3058.9036,1042.5486
-3160.8801,1690.7285,-3057.9753,1042.6892
-3159.6516,1690.8857,-3056.9229,1042.7596
-3158.3633,1691.0459,-3055.831,1042.8346
-3157.047,1691.1957,-3054.6516,1042.8773
-3155.6387,1691.2832,-3053.4375,1042.8649
-3154.1523,1691.404,-3052.1064,1042.872
-3152.547,1691.4569,-3050.7068,1042.8356
-3150.8826,1691.5264,-3049.258,1042.7828
-3149.1572,1691.5743,-3047.7327,1042.6421
-3147.3167,1691.6055,-3046.0886,1042.5232
-3145.4248,1691.6764,-3044.4062,1042.4459
-3143.4436,1691.6855,-3042.7104,1042.3474
-3141.413,1691.78,-3040.9775,1042.2367
-3139.2454,1691.8658,-3039.176,1042.0858
-3137.0315,1691.9379,-3037.3357,1041.9329
-3134.663,1691.9943,-3035.426,1041.7708
-3132.2332,1692.0966,-3033.4453,1041.5677
-3129.727,1692.205,-3031.3098,1041.3723
-3127.0693,1692.3464,-3029.1997,1041.1696
-3124.2852,1692.5117,-3027.014,1040.9299
-3121.4338,1692.6835,-3024.7039,1040.6825
-3118.4443,1692.8898,-3022.3252,1040.4406
-3115.345,1693.11,-3019.8284,1040.1976
-3112.1326,1693.2726,-3017.265,1039.8915
-3108.8496,1693.4688,-3014.6084,1039.549
-3105.4102,1693.7947,-3011.7937,1039.2362
-3101.8296,1693.9785,-3008.875,1038.92
-3098.1702,1693.9392,-3005.8967,1038.5768
-3094.3748,1694.4364,-3002.7556,1038.2506
-3090.3943,1694.5657,-2999.4944,1037.882
-3086.1858,1694.4452,-2996.0894,1037.5663
-3082.0413,1694.8483,-2992.631,1037.1786
-3077.6528,1694.8185,-2988.9526,1036.7998
-3073.13,1694.9728,-2985.19,1036.4113
-3068.4878,1695.1833,-2981.2737,1036.0576
-3063.7004,1695.3794,-2977.3186,1035.6976
-3058.7988,1695.5901,-2973.208,1035.329
-3053.6973,1695.8173,-2968.9463,1034.9691
-3048.3972,1696.0231,-2964.613,1034.6162
-3042.9382,1696.2057,-2960.1138,1034.3037
-3037.4285,1696.5332,-2955.4822,1033.9576
-3031.6875,1696.646,-2950.7751,1033.6432
-3025.7742,1696.6182,-2945.8738,1033.3197
-3019.8298,1696.9065,-2940.878,1033.0094
-3013.6882,1697.0168,-2935.7307,1032.6371
-3007.4006,1697.1173,-2930.4067,1032.4476
-3001.036,1697.193,-2925.066,1032.0972
-2994.544,1697.2714,-2919.6235,1031.6813
-2988.0366,1697.4192,-2914.0027,1031.3009
-2981.4438,1697.5096,-2908.3137,1030.8907
-2974.763,1697.6033,-2902.5117,1030.5281
-2968.114,1697.7372,-2896.6604,1030.201
-2961.3665,1697.9031,-2890.7512,1029.9607
-2954.5903,1698.0927,-2884.745,1029.8042
-2947.789,1698.1825,-2878.741,1029.7002
-2940.9746,1698.2314,-2872.7112,1029.6573
-2934.159,1698.32,-2866.7024,1029.6799
-2927.2827,1698.3008,-2860.731,1029.7521
-2920.4243,1698.3254,-2854.7468,1029.8412
-2913.5576,1698.356,-2848.8015,1029.9513
-2906.717,1698.4203,-2842.7944,1030.0964
-2899.8289,1698.3413,-2836.8074,1030.2323
-2892.8818,1698.2686,-2830.8374,1030.4818
-2885.891,1698.0758,-2824.8896,1030.7748
-2878.887,1697.8268,-2819.065,1031.0901
-2871.7964,1697.4824,-2813.3635,1031.4115
-2864.6824,1697.0469,-2807.7065,1031.7855
-2857.4492,1696.532,-2802.1726,1032.1115
-2850.1628,1695.9187,-2796.7864,1032.3297
-2842.8455,1695.1842,-2791.5376,1032.5043
-2835.482,1694.3151,-2786.4585,1032.6266
-2828.104,1693.2246,-2781.605,1032.6877
-2820.7031,1691.9507,-2776.9885,1032.6743
-2813.2625,1690.444,-2772.6082,1032.6093
-2805.7676,1688.674,-2768.4817,1032.5292
-2798.2712,1686.5889,-2764.635,1032.3608
-2790.655,1684.1881,-2761.0725,1032.1279
-2783.0576,1681.3486,-2757.718,1031.7937
-2775.3591,1678.0095,-2754.652,1031.2699
-2767.6846,1674.0227,-2751.8477,1030.3743
-2759.9424,1669.3773,-2749.3982,1029.0161
-2752.1943,1663.9227,-2747.2874,1027.0851
-2744.3384,1657.7825,-2745.5112,1024.5459
-2736.4111,1651.033,-2744.0457,1021.24176
-2728.2708,1643.7158,-2742.6306,1017.53467
-2719.7974,1636.0575,-2741.0867,1013.47095
-2710.871,1628.1458,-2739.234,1009.1873
-2701.485,1620.1344,-2736.8708,1004.7804
-2691.5947,1612.0286,-2733.8767,1000.3263
-2681.1345,1603.89,-2730.3645,996.0563
-2670.2046,1595.6943,-2726.527,991.7144
-2658.8801,1587.4503,-2722.6646,987.39087
-2647.0886,1579.2378,-2718.91,983.0972
-2634.9265,1571.1616,-2715.2542,978.8809
-2622.2793,1563.1688,-2711.6255,974.7497
-2609.1047,1555.3346,-2708.128,970.6515
-2595.3171,1547.58,-2704.8147,966.52545
-2580.9404,1539.9039,-2701.6892,962.3943
-2565.9258,1532.2537,-2698.679,958.2393
-2550.2275,1524.6327,-2695.8452,954.0228
-2534.773,1517.527,-2693.0518,949.81555
-2517.8562,1509.9222,-2690.246,945.6755
-2500.3362,1502.3102,-2687.326,941.64984
-2482.3992,1494.7118,-2684.3264,937.5683
-2464.0566,1486.9321,-2681.1687,933.5067
-2445.3254,1478.96,-2677.82,929.38605
-2426.424,1470.4686,-2674.2698,925.2305
-2407.0374,1462.2416,-2670.545,920.9706
-2387.4377,1453.78,-2666.6514,916.62683
-2367.5144,1445.1272,-2662.5935,912.1631
-2347.3765,1436.1938,-2658.2788,907.54584
-2327.1047,1427.0192,-2653.8057,902.8885
-2306.5977,1417.626,-2649.1636,897.9834
-2285.966,1408.0046,-2644.3232,893.0443
-2264.603,1398.6864,-2639.3071,888.0902
-2243.7397,1388.5442,-2634.1506,883.1599
-2222.9297,1377.988,-2628.8494,878.22955
-2201.979,1367.0629,-2623.4585,873.33777
-2181.0764,1355.6382,-2617.963,868.4221
-2160.2773,1343.6321,-2612.2588,863.5594
-2139.53,1331.0823,-2606.3901,858.6842
-2119.0269,1318.0477,-2600.3516,853.7799
-2098.7712,1304.3984,-2594.0989,848.9494
-2078.8235,1290.1696,-2587.6392,844.23914
-2059.1794,1275.4617,-2580.9456,839.66565
-2039.9012,1260.2926,-2574.0662,835.27216
-2020.905,1244.6708,-2566.9185,831.0797
-2002.2269,1228.5831,-2559.3743,827.0173
-1983.8555,1212.0621,-2551.425,823.41565
-1965.7856,1195.0155,-2543.0388,820.20374
-1948.1162,1177.515,-2534.1174,817.3572
-1930.7249,1159.5273,-2524.8972,815.1073
-1913.6388,1141.151,-2515.4932,813.6771
-1897.0481,1122.3822,-2506.2234,813.4255
-1881.078,1103.2015,-2496.862,813.43463
-1865.7781,1083.6672,-2487.549,813.75653
-1851.0602,1063.8528,-2478.1123,814.5455
-1836.86,1043.7789,-2468.3022,815.88916
-1823.1655,1023.4145,-2457.875,817.7095
-1809.9553,1002.7336,-2446.7434,819.8723
-1797.4135,981.7566,-2434.8804,822.29504
-1784.6252,960.5801,-2422.4246,824.826
-1774.6039,939.2689,-2409.9272,827.6045
-1762.7448,918.0294,-2396.9204,830.28784
-1752.8262,896.70416,-2383.9673,833.19653
-1743.2477,875.54224,-2371.0146,836.3923
-1734.2185,854.39545,-2357.9744,839.88666
-1725.7001,833.3416,-2344.247,842.96954
-1717.6589,812.50525,-2330.0771,846.2422
-1709.963,791.9554,-2315.118,849.1597
-1702.6187,771.7306,-2299.4402,851.4619
-1695.5355,751.878,-2283.178,853.0592
-1688.6459,732.41754,-2266.5874,854.02673
-1682.0337,713.63556,-2249.8591,854.46045
-1675.7056,695.1312,-2233.1633,854.4861
-1669.5574,676.96277,-2216.6309,854.31024
-1663.7831,659.19116,-2200.2964,854.0462
-1658.4377,641.85046,-2184.2021,853.7091
-1653.4789,624.76874,-2168.374,853.30023
-1648.8729,608.12555,-2152.8232,852.92377
-1644.6799,591.90186,-2137.5322,852.614
-1640.9657,576.2165,-2122.5574,852.4233
-1637.9292,560.94916,-2107.8535,852.5129
-1635.7274,546.41364,-2093.409,853.0707
-1634.46,532.405,-2079.0962,854.42926
-1633.881,519.02924,-2064.7937,856.74396
-1633.9712,506.24677,-2050.3691,860.04175
-1634.8584,494.22742,-2035.7981,864.149
-1635.9921,482.69775,-2021.1031,868.805
-1637.1234,471.52655,-2006.3951,873.8529
-1638.3633,460.93698,-1991.7844,878.9582
-1639.9667,451.11234,-1977.3507,883.83276
-1641.8693,441.97058,-1963.284,888.365
-1644.0195,433.57642,-1949.6157,892.25073
-1646.3595,425.959,-1936.3987,895.5031
-1648.9165,418.93228,-1923.7375,898.06445
-1651.5436,412.48083,-1911.5533,900.03796
-1654.1761,406.53073,-1899.8344,901.6579
-1656.7776,401.0498,-1888.6233,903.1635
-1659.0621,395.87234,-1877.7177,904.5862
-1661.0791,390.79367,-1866.9564,906.0012
-1662.6508,385.56326,-1856.1664,907.29517
-1663.8618,380.1787,-1845.0839,908.6781
-1664.68,374.42313,-1833.5879,910.2639
-1665.3728,368.30823,-1821.4198,912.0208
-1665.8969,361.8874,-1808.647,913.8816
-1666.5594,355.584,-1795.3372,915.55334
-1667.1152,349.2783,-1781.612,916.74115
-1667.4232,343.32602,-1767.5713,917.2586
-1667.2429,337.73602,-1753.5449,917.1113
-1666.4279,332.37766,-1739.9022,916.3921
-1664.8604,327.097,-1727.0496,915.3418
-1662.6919,322.07126,-1715.6196,914.4972
-1660.2207,317.56152,-1705.841,914.27716
-1657.6436,313.80786,-1697.7504,915.06134
-1655.2388,310.96664,-1691.1262,916.91766
-1653.153,309.00317,-1685.3507,919.43774
-1651.2294,307.70493,-1679.8893,922.1873
-1649.3153,306.93695,-1674.3176,925.06555
-1647.217,306.60657,-1668.2402,927.79095
-1644.8047,306.58838,-1661.7759,930.4418
-1642.1699,306.93152,-1655.1447,933.1522
-1639.4778,307.61942,-1648.4315,935.9883
-1636.9067,308.67752,-1641.7878,938.9864
-1634.4987,310.02454,-1635.4695,942.2083
-1632.2222,311.6718,-1629.4315,945.5208
-1629.8668,313.531,-1623.9398,948.9851
-1627.3881,315.53473,-1618.543,952.52136
-1624.6334,317.58762,-1613.2682,955.7772
-1621.6085,319.62372,-1608.068,958.77783
-1618.435,321.5809,-1602.9337,961.6672
-1615.1968,323.41348,-1597.7595,964.5101
-1612.0635,325.09235,-1592.5494,967.4162
-1609.1567,326.6595,-1587.1879,970.36536
-1606.4077,328.12045,-1581.7244,973.38873
-1603.7533,329.58722,-1576.1263,976.43744
-1600.9775,331.0169,-1570.3601,979.55585
-1597.961,332.44644,-1564.3912,982.87366
-1594.8855,333.84485,-1558.186,986.38635
-1591.9318,335.35092,-1551.6282,989.9264
-1589.3402,336.9111,-1544.7317,993.5674
-1587.2406,338.55603,-1537.5521,997.51337
-1585.5034,340.40997,-1530.0374,1001.66846
-1584.0472,342.51413,-1522.0743,1005.814
-1582.5813,344.55786,-1513.5942,1009.9368
-1581.106,346.68338,-1504.5564,1013.9378
-1579.5223,348.78455,-1495.04,1017.7602
-1577.925,350.98813,-1485.1953,1021.3857
-1576.4387,353.23322,-1475.0437,1024.7899
-1575.1791,355.4398,-1464.6964,1027.9438
-1574.178,357.86096,-1454.0858,1030.7479
-1573.3838,360.33664,-1443.099,1033.0428
-1572.7783,363.08405,-1431.7146,1034.7637
-1572.5614,366.72546,-1419.9481,1035.9803
-1571.7261,369.46356,-1407.8206,1036.7148
-1571.0109,372.28964,-1395.4935,1037.1031
-1570.6957,375.4457,-1383.0454,1037.1782
-1570.6932,378.7717,-1370.5458,1036.938
-1571.2273,382.49005,-1358.1345,1036.3768
-1572.0896,386.51157,-1345.9065,1035.6588
-1573.1387,390.85672,-1333.3724,1034.5693
-1574.2922,395.40915,-1320.5236,1033.1345
-1575.6876,400.14554,-1307.2914,1031.3342
-1577.463,405.09518,-1293.666,1029.2152
-1579.8196,410.38034,-1279.7621,1026.8038
-1582.8274,416.18817,-1265.5315,1024.0426
-1586.4017,422.4863,-1250.975,1020.91754
-1590.7533,429.5364,-1236.2467,1017.3913
-1595.3966,436.32715,-1221.5541,1013.759
-1600.0553,444.02563,-1207.1464,1010.37
-1604.8282,452.2918,-1193.4056,1007.45905
-1609.2279,461.15152,-1180.7157,1005.40875
-1613.0243,470.76953,-1168.6094,1003.76746
-1616.0393,481.1909,-1156.971,1002.813
-1618.3668,492.4115,-1145.7477,1002.5453
-1620.1727,504.2767,-1134.6444,1002.9102
-1621.4652,516.81244,-1123.436,1004.25494
-1622.1886,529.8891,-1111.8029,1006.42596
-1622.2051,543.37665,-1099.5807,1009.33453
-1621.3713,557.1581,-1086.6675,1012.7905
-1619.8931,571.19037,-1073.1165,1016.67865
-1617.9229,585.2397,-1059.1483,1020.8794
-1615.5095,599.27325,-1044.771,1025.196
-1612.8594,613.4403,-1030.0464,1029.491
-1610.0216,627.8667,-1015.0736,1033.6495
-1607.0391,642.62604,-999.93945,1037.5951
-1603.774,657.6541,-984.6134,1041.3329
-1600.4211,673.88354,-969.2254,1044.92
-1597.0558,690.8727,-953.7786,1048.2987
-1593.6039,708.8241,-938.3907,1051.4272
-1589.9873,727.67096,-923.0708,1054.2885
-1586.2336,747.3953,-907.8526,1056.8846
-1582.3389,767.86743,-892.74097,1059.159
-1578.2086,788.9795,-877.73975,1061.0625
-1573.799,810.63477,-862.90625,1062.6041
-1568.9302,832.8911,-848.22614,1063.852
-1563.5356,855.6298,-833.74756,1064.7034
-1557.5502,878.76624,-819.52637,1065.1497
-1550.9147,902.26953,-805.66583,1065.2787
-1543.5863,926.15826,-792.214,1065.2921
-1535.5383,950.32556,-779.2069,1065.1633
-1526.7523,974.7018,-767.13605,1064.1658
-1517.0881,999.1094,-754.9999,1063.6206
-1506.599,1023.52924,-742.994,1063.2278
-1495.2317,1047.8198,-731.45605,1062.2438
-1482.8899,1071.8362,-720.22156,1061.0265
-1469.6609,1095.6941,-709.2967,1059.5864
-1455.3706,1119.2118,-698.69995,1057.9435
-1440.5211,1142.6063,-688.4538,1056.1052
-1424.8922,1165.6294,-678.3003,1054.1649
-1408.5546,1188.2904,-668.64545,1052.1566
-1391.523,1210.532,-659.668,1050.27
-1373.851,1232.2184,-650.786,1048.4882
-1355.6345,1253.3977,-642.12103,1046.8969
-1337.4395,1274.0455,-633.8002,1045.5115
-1318.6805,1294.1436,-625.8416,1044.5334
-1299.7833,1313.7905,-618.3887,1044.1221
-1280.9003,1332.9617,-611.6315,1044.4968
-1261.7941,1351.4541,-605.6941,1045.6919
-1242.2877,1369.2732,-600.6982,1047.2809
-1222.4667,1386.5078,-595.9363,1049.388
-1202.1101,1403.1937,-591.3724,1051.4349
-1181.1661,1419.2415,-586.78906,1053.3677
-1159.8167,1434.5502,-582.2342,1054.8221
-1138.1257,1449.0905,-577.4911,1055.991
-1116.209,1462.7621,-572.5553,1056.9397
-1094.2695,1476,-567.4292,1057.7438
-1072.4767,1488.6116,-562.24786,1058.2821
-1050.836,1500.5348,-557.0832,1058.5754
-1029.2578,1511.8567,-551.9989,1058.6757
-1008.044,1522.8597,-546.9348,1058.546
-986.98615,1533.273,-542.45074,1058.4646
-966.178,1543.3977,-538.36194,1058.437
-945.6917,1553.1636,-534.58545,1058.4136
-925.523,1562.6449,-531.8163,1058.5859
-905.74945,1571.7231,-528.8822,1058.5511
-886.5126,1580.4495,-526.1557,1058.5435
-867.71545,1588.8066,-523.6027,1058.5779
-848.79407,1596.9117,-521.2155,1058.6675
-830.6622,1604.5385,-518.88696,1058.8271
-813.5159,1611.9056,-516.65015,1059.0681
-796.81696,1618.9479,-514.3993,1059.3442
-781.332,1626.6829,-512.1878,1059.5922
-765.6627,1633.1345,-509.13928,1059.4385
-750.4604,1639.0999,-506.84485,1059.6575
-735.3145,1643.2662,-504.80914,1059.6982
-721.2222,1648.5754,-502.8816,1059.558
-707.75903,1653.5251,-501.20636,1059.3097
-694.9451,1658.1676,-499.8829,1058.9845
-682.8321,1662.519,-498.16568,1058.8214
-671.4001,1666.6173,-496.52808,1058.4521
-660.5985,1670.5057,-494.84232,1058.0903
-650.46295,1674.1736,-493.18765,1057.7494
-640.9432,1677.6158,-491.60382,1057.4357
-632.01117,1680.8455,-490.1654,1057.1185
-623.7293,1683.8379,-488.8399,1056.821
-616.02264,1686.6426,-487.68112,1056.5105
-608.6216,1689.4874,-486.64005,1055.9926
-601.8604,1691.9701,-485.59436,1055.5995
-595.7041,1694.2474,-484.54562,1055.1575
-590.0627,1696.3489,-483.43887,1054.6527
-584.9714,1698.2617,-482.39178,1054.1523
-580.2953,1700.2046,-481.3371,1053.6373
-576.1163,1701.9559,-480.31833,1053.1335
-572.3277,1703.6217,-479.3516,1052.6381
-569.0311,1705.0358,-478.46176,1052.0546
-566.10486,1706.2922,-477.75357,1051.2502
-563.4552,1707.4119,-477.31125,1050.6582
-561.164,1708.2969,-477.1362,1050.0177
-559.1649,1709.0276,-477.2288,1049.2539
-557.3705,1709.6069,-477.6288,1048.2977
-555.92236,1710.0388,-478.43814,1047.2567
-554.6806,1710.3939,-479.54282,1046.1357
-553.714,1710.5646,-480.99445,1044.9307
-553.05,1710.583,-482.7043,1043.6918
-552.62506,1710.4491,-484.6631,1042.4807
-552.4116,1710.2195,-486.82797,1041.2719
-552.3803,1709.8842,-489.1439,1040.134
-552.4401,1709.608,-491.44907,1039.05
-552.56964,1709.2965,-493.68954,1038.0159
-552.87317,1708.966,-495.65756,1037.0592
-553.34955,1708.6343,-497.45087,1036.1776
-553.9137,1708.4042,-499.07278,1035.4236
-554.69977,1708.163,-500.58054,1034.7845
-555.61835,1707.8964,-502.07495,1034.3507
-556.6631,1707.7213,-503.67416,1034.15
-557.86017,1707.6025,-505.26892,1033.7617
-559.09863,1707.5508,-506.91663,1033.4496
-560.45355,1707.5963,-508.62534,1033.1798
-561.8542,1707.7129,-510.4121,1032.9221
-563.22974,1707.8379,-512.2226,1032.7161
-564.68884,1708.0066,-513.9398,1032.5797
-566.11084,1708.1643,-515.5763,1032.4634
-567.48083,1708.296,-517.0579,1032.3539
-568.7665,1708.4319,-518.3346,1032.2942
-569.9722,1708.5702,-519.46576,1032.3861
-571.07776,1708.6349,-520.4543,1032.5607
-572.1208,1708.6375,-521.3207,1032.8024
-573.1812,1708.6304,-522.1655,1033.1288
-574.2294,1708.6166,-522.9293,1033.4626
-575.2253,1708.575,-523.6015,1033.8164
-576.2276,1708.5155,-524.193,1034.218
-577.1384,1708.4775,-524.6641,1034.6261
-577.95233,1708.4901,-524.9685,1035.0957
-578.699,1708.526,-525.0962,1035.6398
-579.3031,1708.5483,-525.035,1036.2637
-579.7798,1708.5383,-524.7783,1036.9534
-580.0868,1708.4865,-524.33466,1037.647
-580.20135,1708.3851,-523.75525,1038.3376
-580.198,1708.1805,-522.97595,1038.966
-580.1086,1707.8793,-522.01276,1039.4741
-579.9232,1707.4694,-520.87317,1039.9415
-579.5889,1706.9597,-519.6359,1040.2998
-579.0797,1706.365,-518.3336,1040.7275
-578.32605,1705.6858,-516.98364,1041.1912
-577.2766,1704.9056,-515.6387,1041.7089
-575.9276,1704.0309,-514.291,1042.2164
-574.3255,1703.0769,-512.8727,1042.6559
-572.47986,1702.0188,-511.37915,1043.1157
-570.39856,1700.9042,-509.8963,1043.5197
-568.111,1699.6774,-508.3393,1043.8864
-565.57025,1698.396,-506.79916,1044.2549
-562.78394,1697.0197,-505.17676,1044.6565
-559.7448,1695.568,-503.50116,1044.9952
-556.4337,1693.9796,-501.80392,1045.2943
-552.8544,1692.2783,-500.0213,1045.4722
-548.96783,1690.471,-498.155,1045.5387
-544.80743,1688.563,-496.3249,1045.502
-540.37646,1686.5901,-494.5109,1045.3024
-535.6532,1684.5643,-492.7527,1044.9584
-530.6528,1682.4719,-491.09195,1044.4629
-525.3528,1680.306,-489.43637,1043.7915
-519.68463,1678.0143,-487.8187,1042.9363
-513.64075,1675.6198,-486.18814,1041.9443
-507.21927,1673.115,-484.38214,1040.5334
-500.37015,1670.5206,-482.63275,1039.2417
-493.08075,1667.8588,-480.8706,1037.7828
-485.30984,1665.1505,-479.05347,1036.1886
-477.05084,1662.4121,-477.2669,1034.5142
-468.24332,1659.6104,-475.4876,1032.9216
-458.92807,1656.7589,-473.5803,1030.878
-449.07965,1653.8151,-471.63306,1028.7028
-438.6934,1650.7723,-469.63287,1026.3978
-427.77032,1647.6151,-467.5842,1023.9446
-416.34137,1644.4047,-465.50607,1021.3598
-404.3793,1641.1108,-463.35138,1018.63477
-391.83197,1637.6827,-461.22232,1015.82117
-378.816,1634.1672,-459.03094,1012.9015
-365.21176,1630.4843,-456.83527,1009.863
-351.05896,1626.6089,-454.62622,1006.7357
-336.43964,1622.5657,-452.38608,1003.497
-321.27835,1618.2892,-450.18872,1000.13617
-305.71127,1613.759,-448.04373,996.64984
-289.79495,1608.9641,-445.93802,993.099
-273.55426,1603.8837,-443.87488,989.4015
-257.05762,1598.4803,-441.8323,985.59515
-240.29974,1592.6611,-439.85452,981.7334
-223.36911,1586.4056,-437.90912,977.75574
-206.22726,1579.6915,-435.9918,973.6641
-188.92993,1572.4738,-434.08823,969.45544
-171.5775,1564.7155,-432.18298,965.2127
-154.15741,1556.4149,-430.2541,960.894
-136.70741,1547.5475,-428.30618,956.57025
-119.287674,1538.1814,-426.3162,952.2013
-101.977974,1528.2887,-424.2741,947.80194
-84.8185,1517.97,-422.1239,943.1174
-67.80682,1507.0739,-420.06982,938.66003
-51.067116,1495.5597,-417.99023,934.2003
-33.867867,1484.0803,-415.91302,929.7965
-17.603924,1471.4586,-413.85284,925.5307
-1.8439391,1457.9988,-411.86774,921.4217
13.555033,1443.9603,-409.8749,917.4873
28.586988,1429.2859,-407.8551,913.7111
43.21686,1413.9537,-405.7936,910.0395
57.35237,1397.9724,-403.51517,906.5347
70.91166,1381.4362,-401.0483,903.3124
84.02032,1364.403,-398.27795,900.3179
96.655334,1346.8807,-395.16647,897.4527
109.06595,1329.0359,-392.07468,895.19354
121.22505,1310.7903,-389.04968,893.738
133.14464,1292.0864,-385.91324,892.6674
144.8414,1273.0481,-382.39728,891.81323
156.18633,1253.6079,-378.38098,891.2553
167.05173,1233.83,-373.85727,890.944
177.31161,1213.7711,-368.68872,890.8485
186.60257,1193.5104,-362.9296,890.8585
195.61263,1172.9769,-356.74164,891.0107
204.11963,1152.3013,-349.99606,891.1493
212.15132,1131.4766,-342.93265,891.22015
219.80742,1110.444,-335.49054,891.75757
226.97728,1089.1963,-327.88217,892.1043
233.68869,1067.8629,-320.06342,892.5721
239.87396,1046.481,-312.05316,893.21326
245.53342,1025.1913,-303.75418,894.0089
250.83153,1004.0523,-295.20044,894.92316
255.83832,983.13293,-286.28998,895.9364
260.72293,962.39703,-276.74872,896.98724
265.58176,941.7399,-266.53375,897.9493
270.45908,921.11163,-255.53247,898.76184
275.2553,900.7704,-243.78992,899.349
279.94412,880.2373,-231.40254,899.84033
284.41864,859.8785,-218.3019,899.98175
288.71613,839.80994,-204.5294,899.5951
292.83054,820.0713,-190.40002,899.0758
296.88022,800.53143,-175.9883,898.4008
300.51318,781.49097,-161.34212,897.4406
304.06287,762.2806,-146.49448,896.2227
307.27563,743.3285,-131.64395,894.7993
310.30457,724.34534,-117.20554,893.26086
313.23364,705.6833,-102.902115,891.4839
316.07495,687.39795,-88.925735,889.48615
318.9871,669.0519,-75.09589,887.2575
321.81848,651.53687,-61.368816,884.8974
324.15268,634.58215,-47.796875,882.45624
326.1004,617.559,-34.389263,880.0932
327.62085,600.6429,-21.140694,878.09204
328.7992,583.6267,-8.030805,876.6548
329.65198,566.80096,4.9403057,875.8823
330.13846,550.00116,17.72179,875.7042
330.2693,533.3035,30.281242,876.03955
330.0686,516.6864,42.708942,876.93835
329.59488,500.19708,55.338623,878.60156
328.79013,483.953,68.25882,880.9678
327.3584,468.2748,81.359184,883.84204
325.30292,453.384,94.5245,887.02094
322.99762,439.40778,107.59898,890.0533
321.03818,426.62323,120.65752,892.70013
319.8757,415.10776,133.68422,894.9441
319.65466,404.7355,146.48698,896.84375
320.27304,395.2106,159.01166,898.2971
321.4889,386.41656,171.1276,899.3239
322.95187,378.0594,182.81616,900.0419
324.4918,370.096,194.25954,900.6608
326.03207,362.56662,205.71703,901.25146
327.56973,355.13324,217.36798,901.8639
329.2383,347.90994,229.42491,902.48413
331.2339,341.01035,241.81465,903.0144
333.71262,334.3277,254.32565,903.2665
336.5845,327.9821,266.59897,903.3143
339.68982,322.26895,278.07782,903.3627
342.9531,317.3808,288.6586,903.5206
346.30023,313.39612,298.0555,904.0462
349.5806,310.38324,306.47852,905.00287
352.62906,308.24234,314.1524,906.3807
355.53497,306.94766,321.25925,908.0253
358.5261,306.1185,328.04306,909.759
361.74185,305.6455,334.69922,911.69073
365.26538,305.51685,341.24777,913.8889
369.08322,305.68536,347.77097,916.3989
372.97406,306.13995,354.34827,919.306
376.6776,306.87433,361.00204,922.60614
380.01056,307.96375,367.61172,926.36774
383.02533,309.57257,374.68774,930.6906
385.89087,311.68686,381.789,935.1812
388.90005,314.07663,388.76462,939.8658
392.15735,316.66577,395.76495,944.4913
395.58276,319.27307,402.79132,948.9432
398.9826,321.8701,409.77594,953.2153
402.21942,324.4446,416.82755,957.2579
405.0855,327.0204,424.0099,961.3574
407.49466,329.44937,431.5173,965.32855
409.49026,332.01733,439.38724,969.1725
411.2211,334.5722,447.57965,972.78754
412.87146,337.01172,455.9858,976.3128
414.6097,339.51782,464.47766,979.9431
416.43756,342.08124,472.97308,983.9657
418.35056,344.7359,481.59424,988.3464
420.02975,347.3749,490.47098,992.9014
421.41663,350.2975,499.8893,997.42303
422.15106,353.25848,509.87653,1001.73914
422.73065,356.25677,520.4164,1005.82043
423.16437,359.31827,531.43634,1009.6997
423.55286,362.46957,542.78546,1013.45917
424.28217,365.97382,554.4328,1017.1279
424.8173,369.2738,566.19916,1020.7206
425.51422,372.7128,578.13586,1024.2233
426.28763,376.19324,590.2621,1027.4856
427.09082,379.71796,602.5574,1030.4304
427.65323,383.35855,615.1893,1032.7961
428.1257,387.11337,628.117,1034.5931
428.52795,391.0399,641.2213,1035.8418
428.9068,395.06802,654.4104,1036.6201
429.5834,399.15286,667.5041,1036.9067
430.23853,403.36777,680.44745,1036.8632
430.8785,407.7562,693.1351,1036.4436
431.41968,412.3864,705.6029,1035.6829
431.8891,417.6242,717.9536,1034.6803
431.74933,422.58408,730.34644,1033.3958
431.26727,428.17538,742.9299,1031.8328
430.29062,434.2186,755.72504,1029.9553
429.1017,440.25937,768.75885,1027.8264
428.23297,446.0329,782.156,1025.4326
427.1476,452.21008,795.8389,1022.8448
425.9545,458.6314,809.9904,1019.8766
424.47424,465.37076,824.5301,1016.45184
422.60712,472.5762,838.9449,1013.0144
420.3239,480.54373,852.8771,1009.6766
417.6751,489.58588,866.13464,1006.6521
414.9461,499.85666,878.4941,1004.15
412.37894,511.1645,889.8869,1002.1913
410.2825,523.19604,900.5917,1000.7935
408.7526,535.75214,910.9251,1000.1538
407.91092,548.75665,921.1287,1000.5236
407.8329,561.9239,931.4738,1001.97015
408.59164,575.3378,942.2176,1004.21674
410.14127,588.9163,953.61426,1007.135
412.1821,602.4389,965.74347,1010.3864
415.00894,616.0446,978.75226,1013.804
418.0927,629.33435,992.52405,1017.2743
421.3241,642.4736,1006.86163,1020.7848
424.8798,655.8556,1021.5983,1024.2448
428.176,669.28296,1036.654,1027.3682
431.61804,683.1191,1051.9608,1030.2063
435.21008,697.7519,1067.409,1033.0919
438.692,713.3713,1082.7041,1035.9362
442.72714,729.4338,1097.8115,1038.578
446.88925,746.296,1112.7494,1040.9508
451.32373,763.7787,1127.4862,1043.1559
456.05392,781.74805,1142.0149,1045.1636
461.0877,800.31445,1156.4891,1046.9453
466.40747,819.4415,1170.93,1048.5605
472.10077,839.3834,1185.2787,1050.1123
478.30478,859.8842,1199.5067,1051.3817
484.94827,880.7497,1213.6083,1052.2288
492.08453,901.83527,1227.556,1052.6866
499.84067,923.27185,1241.1678,1052.897
508.1082,944.9134,1254.418,1052.8804
517.0713,966.75885,1267.284,1052.4517
526.8405,988.9111,1279.8702,1052.0505
537.52246,1011.324,1292.2509,1051.5558
549.1569,1033.9965,1304.4307,1050.8767
561.7675,1056.863,1316.3767,1050.0333
575.0483,1079.7738,1328.1229,1049.1436
589.5765,1102.7278,1339.8157,1048.3198
605.4658,1125.3466,1351.3057,1047.3887
621.8694,1147.8622,1362.6362,1046.2819
639.03906,1170.055,1373.7365,1044.9888
656.97797,1191.7548,1384.3643,1043.322
675.5929,1213.1948,1394.7894,1041.7219
694.7539,1234.0288,1404.9153,1039.9719
714.4606,1254.3357,1414.7184,1038.2714
734.7159,1274.0627,1424.2488,1036.3153
755.4306,1293.4127,1433.5175,1034.2561
776.6777,1311.5399,1442.6318,1032.2529
798.1023,1329.4363,1451.5168,1030.5571
819.4483,1347.1798,1460.1488,1029.4907
840.42737,1364.6854,1468.1221,1028.9327
861.1059,1381.5367,1475.0295,1029.2218
881.56244,1397.5515,1481.0951,1030.2948
902.00684,1412.6329,1486.579,1031.8413
922.41455,1427.0431,1492.1317,1033.3494
942.8641,1440.9587,1497.7701,1034.61
963.236,1454.0632,1503.6829,1035.5646
983.50934,1466.4001,1510.3853,1036.5007
1003.4011,1478.3408,1516.9916,1037.1396
1022.77606,1490.3549,1523.7687,1037.8706
1041.7076,1502.27,1530.716,1038.561
1060.3767,1513.9294,1537.6893,1039.165
1078.7324,1525.2743,1544.4807,1039.644
1096.7788,1536.2393,1550.975,1040.1223
1114.4758,1546.785,1557.0668,1040.7126
1131.7737,1556.8284,1562.9734,1041.6196
1148.6514,1566.5869,1568.5051,1042.7178
1165.1222,1575.9858,1573.7534,1043.9382
1181.3496,1584.9893,1578.8102,1045.0393
1197.3717,1593.535,1583.7365,1045.9147
1213.085,1601.6831,1588.5638,1046.514
1228.5337,1609.4939,1593.3568,1046.921
1243.7301,1616.9423,1598.1622,1047.3009
1258.678,1624.0814,1602.9962,1047.732
1273.4572,1630.9221,1607.8181,1048.0941
1288.1091,1637.3563,1612.5668,1048.4257
1302.5768,1643.3928,1617.2537,1048.7379
1316.7946,1649.1158,1621.8729,1049.0645
1330.7146,1654.5854,1626.3363,1049.3882
1344.3069,1659.8337,1630.704,1049.74
1357.6542,1664.7366,1635.0026,1050.0911
1370.7965,1669.2986,1639.1838,1050.387
1383.6586,1673.562,1643.3617,1050.547
1396.3,1677.5958,1647.5759,1050.6022
1408.5883,1681.5082,1651.8145,1050.5221
1420.5823,1685.2797,1656.0684,1050.4551
1432.2877,1688.7802,1660.3076,1050.3839
1443.7052,1692.1193,1664.5314,1050.3813
1454.7644,1695.1943,1668.7244,1050.4468
1465.5491,1698.0775,1672.8213,1050.576
1476.0471,1700.7587,1676.736,1050.7444
1486.2356,1703.2456,1680.4757,1050.8068
1496.15,1705.5524,1684.0574,1050.6703
1505.8105,1707.6316,1687.3925,1050.3236
1515.2598,1709.4475,1690.5457,1049.8066
1524.4108,1711.068,1693.6102,1048.8986
1533.1923,1712.5929,1696.391,1048.1681
1541.6688,1714.0294,1698.9652,1047.3892
1549.8258,1715.3337,1701.3824,1046.604
1557.8098,1716.3915,1703.6542,1045.8534
1565.5701,1717.3174,1705.7664,1045.0958
1573.147,1718.1375,1707.5282,1044.604
1580.5814,1718.9224,1709.2607,1043.9286
1587.8431,1719.7053,1710.8134,1043.3679
1595.0072,1720.5132,1712.113,1042.9213
1602.0845,1721.3258,1713.2415,1042.5414
1609.0947,1722.1221,1714.1024,1042.2698
1616.1327,1722.9708,1714.7611,1042.1586
1623.1412,1723.9259,1715.1538,1042.1613
1630.1505,1724.9271,1715.3467,1042.3146
1637.1481,1725.9583,1715.3008,1042.5804
1644.05,1726.9933,1715.1049,1042.9293
1650.8121,1727.9915,1714.7921,1043.3599
1657.3551,1728.9742,1714.3632,1043.8788
1663.6853,1729.9297,1713.8268,1044.4973
1669.9053,1730.878,1713.2478,1045.1616
1675.9716,1731.8381,1712.5878,1045.8583
1681.9064,1732.7437,1711.907,1046.5468
1687.7893,1733.6178,1711.2219,1047.2325
1693.4988,1734.3846,1710.4811,1047.8486
1699.0674,1735.1688,1709.708,1048.3838
1704.4038,1735.8054,1708.9226,1048.8582
1709.5317,1736.2743,1708.0732,1049.1506
1714.4539,1736.5795,1707.2362,1049.3673
1719.1438,1736.7087,1706.3656,1049.3778
1723.6191,1736.6558,1705.4357,1049.2117
1728.0769,1736.7302,1704.3685,1048.8566
1732.3268,1736.5447,1703.2601,1048.3649
1736.412,1736.1511,1701.9918,1047.7256
1740.327,1735.4714,1700.6377,1046.9893
1744.2356,1734.6238,1699.2078,1046.046
1748.1388,1733.6807,1697.6794,1044.944
1751.928,1732.4623,1696.1152,1043.7441
1755.4058,1730.7769,1694.5916,1042.2688
1759.1678,1729.4502,1693.2397,1040.4722
1762.8851,1728.0244,1691.9501,1038.8278
1766.5979,1726.496,1690.9508,1036.9896
1770.6406,1725.3699,1690.2302,1035.041
1773.9243,1723.1669,1689.7843,1033.0449
1777.6051,1721.478,1689.5176,1031.0623
1781.3374,1719.8275,1689.2736,1029.2189
1785.1556,1718.3937,1688.9261,1027.78
1788.9623,1717.0841,1688.5022,1026.846
1792.7643,1715.763,1688.0125,1026.363
1796.8054,1714.7874,1687.4589,1025.9147
1800.8768,1713.9208,1687.1661,1025.8663
1804.9938,1713.1711,1687.0419,1025.9073
1809.1578,1712.469,1687.2222,1026.0361
1813.3634,1711.8369,1687.6053,1026.1477
1817.6296,1711.2697,1688.219,1026.2689
1821.9357,1710.8124,1689.0105,1026.4984
1826.2764,1710.5371,1689.9008,1026.7323
1830.717,1710.3549,1690.8901,1027.0878
1835.2306,1710.2668,1691.9358,1027.5751
1839.7548,1710.1862,1692.9948,1028.0254
1844.3785,1710.1488,1694.174,1026.8214
1849.0745,1710.1199,1695.1661,1028.7771
1853.7994,1710.1066,1696.2711,1029.6427
1858.614,1710.0564,1697.3529,1030.349
1863.4584,1709.9775,1698.4332,1030.9259
1868.3635,1709.851,1699.5846,1031.3898
1873.3175,1709.6934,1700.7604,1031.4067
1878.3293,1709.507,1701.9642,1031.6864
1883.3441,1709.2826,1703.1332,1031.9197
1888.4325,1709.0309,1704.3408,1031.9646
1893.489,1708.7777,1705.5754,1031.9325
1898.6456,1708.4867,1706.9126,1031.7377
1903.866,1708.1842,1708.2733,1031.4893
1909.1442,1707.8467,1709.3259,1032.261
1914.5175,1707.503,1710.1093,1030.9811
1919.9772,1707.1088,1711.9984,1031.1605
1925.4939,1706.6812,1713.6146,1030.7675
1931.0278,1706.2118,1715.4061,1030.3591
1936.5707,1705.751,1717.3641,1029.814
1942.1963,1705.3191,1719.5176,1029.2413
1947.8586,1704.912,1721.9982,1028.666
1953.6129,1704.539,1724.716,1028.163
1959.4078,1704.1688,1727.7213,1027.6268
1965.2396,1703.7882,1730.969,1027.1257
1971.125,1703.4148,1734.3685,1026.4878
1977.0383,1703.0464,1738.0181,1025.8959
1983.0015,1702.68,1742.1173,1025.3066
1988.9318,1702.3096,1746.5796,1024.5756
1994.9116,1702.0074,1751.4423,1023.92365
2000.8953,1701.7616,1756.7821,1023.42053
2006.8802,1701.5751,1762.4728,1022.85736
2012.8833,1701.4832,1768.4172,1022.3123
2018.878,1701.4646,1774.6572,1021.8215
2024.8884,1701.5457,1781.0892,1021.48004
2030.88,1701.762,1787.6704,1021.1181
2036.8662,1702.0687,1794.6311,1021.2232
2042.8636,1702.516,1801.6554,1020.95154
2048.8325,1703.1106,1808.7087,1021.0716
2054.8,1703.8591,1815.892,1021.40375
2060.805,1704.6519,1823.1588,1021.8877
2066.8052,1705.4698,1830.5366,1022.47833
2072.7402,1706.3577,1837.9868,1023.2177
2078.7253,1707.3778,1845.44,1024.0526
2084.6873,1708.3915,1852.8707,1024.9747
2090.6436,1709.4211,1860.2129,1025.953
2096.6667,1710.5037,1867.5154,1026.9656
2102.7048,1711.639,1874.7405,1027.9376
2108.7803,1712.838,1882.0072,1028.8517
2114.9248,1714.0167,1889.7601,1029.5165
2121.115,1715.1783,1896.991,1030.4954
2127.352,1716.325,1904.2089,1031.4108
2133.6208,1717.4287,1911.4048,1032.3213
2139.9263,1718.5394,1918.4326,1033.2604
2146.247,1719.6682,1925.3745,1034.1498
2152.6357,1720.7725,1932.1931,1035.0961
2159.0193,1721.8416,1938.8689,1036.0388
2165.435,1722.8706,1945.4055,1036.9403
2171.9023,1723.8712,1951.8015,1037.7682
2178.4011,1724.8766,1958.066,1038.6267
2184.888,1725.8453,1964.195,1039.2903
2191.4006,1726.8179,1970.2817,1039.9087
2197.9321,1727.7859,1976.2509,1040.445
2204.4875,1728.7103,1982.213,1040.947
2211.116,1729.6163,1988.127,1041.4576
2217.7131,1730.5068,1994.04,1041.9462
2224.3733,1731.3546,1999.9169,1042.4639
2231.0764,1732.1953,2005.778,1043.044
2237.7798,1732.9081,2011.6254,1043.6152
2244.4714,1733.6003,2017.4017,1044.0973
2251.165,1734.1866,2023.1581,1044.5205
2257.8076,1734.6843,2028.8281,1044.9036
2264.365,1735.0109,2034.4729,1045.1815
2270.992,1735.3511,2040.21,1045.3342
2277.52,1735.5298,2045.6721,1045.4541
2284.063,1735.6582,2051.237,1045.581
2290.5813,1735.7025,2056.7627,1045.6306
2297.0547,1735.6691,2062.323,1045.6597
2303.5095,1735.5825,2067.9392,1045.6527
2309.9548,1735.4685,2073.5415,1045.6251
2316.3625,1735.2976,2079.204,1045.5099
2322.7913,1735.0654,2084.9868,1045.4056
2329.2131,1734.7804,2090.7693,1045.3622
2335.6812,1734.4395,2096.6182,1045.1992
2342.097,1734.0648,2102.55,1045.0156
2348.526,1733.677,2108.571,1044.8134
2354.9316,1733.2972,2114.6104,1044.6003
2361.363,1732.8289,2120.818,1044.2648
2367.7727,1732.3147,2127.1375,1043.92
2374.1716,1731.785,2133.5737,1043.5205
2380.5676,1731.2336,2140.0708,1043.1147
2386.9607,1730.6586,2146.666,1042.6146
2393.4094,1730.0361,2153.457,1042.0479
2399.829,1729.3523,2160.2576,1041.4714
2406.2578,1728.6139,2167.22,1040.8428
2412.6628,1727.8243,2174.2998,1040.1036
2419.0742,1727.0037,2181.4646,1039.3096
2425.4841,1726.1051,2188.5796,1038.6534
2431.9187,1725.2197,2195.8835,1037.7705
2438.3005,1724.1884,2203.3013,1036.7012
2444.6934,1723.1934,2210.7795,1035.6532
